frameNr,startPosition_x,startPosition_y,endPosition_x,endPosition_y,KeysUsed,arrowDirection,rating
3,-8.600322E-07,-8.159438E-09,-8.600322E-07,-8.159438E-09,,342.3626,0
4,-8.561572E-07,-1.273454E-08,-8.561572E-07,-1.273454E-08,,342.3626,0
5,-8.561572E-07,-1.273454E-08,-8.561572E-07,-1.273454E-08,,342.3626,0
6,-8.561572E-07,-1.273454E-08,-8.561572E-07,-1.273454E-08,,342.3626,0
7,-8.561572E-07,-1.273454E-08,-8.561572E-07,-1.273454E-08,,342.3626,0
8,-8.561572E-07,-1.273454E-08,-8.561572E-07,-1.273454E-08,,342.3626,0
9,-8.561572E-07,-1.273454E-08,-8.561572E-07,-1.273454E-08,,342.3626,0
10,-8.561572E-07,-1.273454E-08,-8.561572E-07,-1.273454E-08,,342.3626,0
11,-8.561572E-07,-1.273454E-08,-8.561572E-07,-1.273454E-08,,342.3626,0
12,-8.561572E-07,-1.273454E-08,-8.561572E-07,-1.273454E-08,,342.3626,0
13,-8.561572E-07,-1.273454E-08,-8.561572E-07,-1.273454E-08,,342.3626,0
14,-8.561572E-07,-1.273454E-08,-8.561572E-07,-1.273454E-08,,342.3626,0
15,-8.561572E-07,-1.273454E-08,-8.561572E-07,-1.273454E-08,,342.3626,0
16,-8.561572E-07,-1.273454E-08,-8.561572E-07,-1.273454E-08,,342.3626,0
17,-8.561572E-07,-1.273454E-08,-8.561572E-07,-1.273454E-08,,342.3626,0
18,-8.561572E-07,-1.273454E-08,-8.561572E-07,-1.273454E-08,,342.3626,0
19,-8.561572E-07,-1.273454E-08,-8.561572E-07,-1.273454E-08,,342.3626,0
20,-8.561572E-07,-1.273454E-08,-8.561572E-07,-1.273454E-08,,342.3626,0
21,-8.561572E-07,-1.273454E-08,-8.561572E-07,-1.273454E-08,,342.3626,0
22,-8.561572E-07,-1.273454E-08,-8.561572E-07,-1.273454E-08,,342.3626,0
23,-8.561572E-07,-1.273454E-08,-8.561572E-07,-1.273454E-08,,342.3626,0
24,-8.561572E-07,-1.273454E-08,-8.561572E-07,-1.273454E-08,,342.3626,0
25,-8.561572E-07,-1.273454E-08,-8.561572E-07,-1.273454E-08,,342.3626,0
26,-8.561572E-07,-1.273454E-08,-8.561572E-07,-1.273454E-08,,342.3626,0
27,-8.561572E-07,-1.273454E-08,-8.561572E-07,-1.273454E-08,,342.3626,0
28,-8.561572E-07,-1.273454E-08,-8.561572E-07,-1.273454E-08,,342.3626,0
29,-8.561572E-07,-1.273454E-08,-8.561572E-07,-1.273454E-08,,342.3626,0
30,-8.561572E-07,-1.273454E-08,-8.561572E-07,-1.273454E-08,,342.3626,0
31,-8.561572E-07,-1.273454E-08,-8.561572E-07,-1.273454E-08,,342.3626,0
32,-8.561572E-07,-1.273454E-08,-8.561572E-07,-1.273454E-08,,342.3626,0
33,-8.561572E-07,-1.273454E-08,-8.561572E-07,-1.273454E-08,,342.3626,0
34,-8.561572E-07,-1.273454E-08,-8.561572E-07,-1.273454E-08,,342.3626,0
35,-8.561572E-07,-1.273454E-08,-8.561572E-07,-1.273454E-08,,342.3626,0
36,-8.561572E-07,-1.273454E-08,-8.561572E-07,-1.273454E-08,,342.3626,0
37,-8.561572E-07,-1.273454E-08,-8.561572E-07,-1.273454E-08,,342.3626,0
38,-8.561572E-07,-1.273454E-08,-8.561572E-07,-1.273454E-08,,342.3626,0
39,-8.561572E-07,-1.273454E-08,-8.561572E-07,-1.273454E-08,,342.3626,0
40,-8.561572E-07,-1.273454E-08,-8.561572E-07,-1.273454E-08,,342.3626,0
41,-8.561572E-07,-1.273454E-08,-8.561572E-07,-1.273454E-08,,342.3626,0
42,-8.561572E-07,-1.273454E-08,-8.561572E-07,-1.273454E-08,,342.3626,0
43,-8.561572E-07,-1.273454E-08,-8.561572E-07,-1.273454E-08,,342.3626,0
44,-8.561572E-07,-1.273454E-08,-8.561572E-07,-1.273454E-08,,342.3626,0
45,-8.561572E-07,-1.273454E-08,-8.561572E-07,-1.273454E-08,,342.3626,0
46,-8.561572E-07,-1.273454E-08,-8.561572E-07,-1.273454E-08,,342.3626,0
47,-8.561572E-07,-1.273454E-08,-8.561572E-07,-1.273454E-08,,342.3626,0
48,-8.561572E-07,-1.273454E-08,-8.561572E-07,-1.273454E-08,,342.3626,0
49,-8.561572E-07,-1.273454E-08,-8.561572E-07,-1.273454E-08,,342.3626,0
50,-8.561572E-07,-1.273454E-08,-8.561572E-07,-1.273454E-08,,342.3626,0
51,-8.561572E-07,-1.273454E-08,-8.561572E-07,-1.273454E-08,,342.3626,0
52,-8.561572E-07,-1.273454E-08,-8.561572E-07,-1.273454E-08,,342.3626,0
53,-8.561572E-07,-1.273454E-08,-8.561572E-07,-1.273454E-08,,342.3626,0
54,-8.561572E-07,-1.273454E-08,-8.561572E-07,-1.273454E-08,,342.3626,0
55,-8.561572E-07,-1.273454E-08,-8.561572E-07,-1.273454E-08,,342.3626,0
56,-8.561572E-07,-1.273454E-08,-8.561572E-07,-1.273454E-08,,342.3626,0
57,-8.561572E-07,-1.273454E-08,-8.561572E-07,-1.273454E-08,,342.3626,0
58,-8.561572E-07,-1.273454E-08,-8.561572E-07,-1.273454E-08,,342.3626,0
59,-8.561572E-07,-1.273454E-08,-8.561572E-07,-1.273454E-08,,342.3626,0
60,-8.561572E-07,-1.273454E-08,-8.561572E-07,-1.273454E-08,,342.3626,0
61,-8.561572E-07,-1.273454E-08,-8.561572E-07,-1.273454E-08,,342.3626,0
62,-8.561572E-07,-1.273454E-08,-8.561572E-07,-1.273454E-08,,342.3626,0
63,-8.561572E-07,-1.273454E-08,-8.561572E-07,-1.273454E-08,,342.3626,0
64,-8.561572E-07,-1.273454E-08,-8.561572E-07,-1.273454E-08,,342.3626,0
65,-8.561572E-07,-1.273454E-08,-8.561572E-07,-1.273454E-08,,342.3626,0
66,-8.561572E-07,-1.273454E-08,-8.561572E-07,-1.273454E-08,,342.3626,0
67,-8.561572E-07,-1.273454E-08,-8.561572E-07,-1.273454E-08,,342.3626,0
68,-8.561572E-07,-1.273454E-08,-8.561572E-07,-1.273454E-08,,342.3626,0
69,-8.561572E-07,-1.273454E-08,-8.561572E-07,-1.273454E-08,,342.3626,0
70,-8.561572E-07,-1.273454E-08,-8.561572E-07,-1.273454E-08,,342.3626,0
71,-8.561572E-07,-1.273454E-08,-8.561572E-07,-1.273454E-08,,342.3626,0
72,-8.561572E-07,-1.273454E-08,-8.561572E-07,-1.273454E-08,,342.3626,0
73,-8.561572E-07,-1.273454E-08,-8.561572E-07,-1.273454E-08,,342.3626,0
74,-8.561572E-07,-1.273454E-08,-8.561572E-07,-1.273454E-08,,342.3626,0
75,-8.561572E-07,-1.273454E-08,-8.561572E-07,-1.273454E-08,,342.3626,0
76,-8.561572E-07,-1.273454E-08,-8.561572E-07,-1.273454E-08,,342.3626,0
77,-8.561572E-07,-1.273454E-08,-8.561572E-07,-1.273454E-08,,342.3626,0
78,-8.561572E-07,-1.273454E-08,-8.561572E-07,-1.273454E-08,,342.3626,0
79,-8.561572E-07,-1.273454E-08,-8.561572E-07,-1.273454E-08,,342.3626,0
80,-8.561572E-07,-1.273454E-08,-8.561572E-07,-1.273454E-08,,342.3626,0
81,-8.561572E-07,-1.273454E-08,-8.561572E-07,-1.273454E-08,,342.3626,0
82,-8.561572E-07,-1.273454E-08,-8.561572E-07,-1.273454E-08,,342.3626,0
83,-8.561572E-07,-1.273454E-08,-8.561572E-07,-1.273454E-08,,342.3626,0
84,-8.561572E-07,-1.273454E-08,-8.561572E-07,-1.273454E-08,,342.3626,0
85,-8.561572E-07,-1.273454E-08,-8.561572E-07,-1.273454E-08,,342.3626,0
86,-8.561572E-07,-1.273454E-08,-8.561572E-07,-1.273454E-08,,342.3626,0
87,-8.561572E-07,-1.273454E-08,-8.561572E-07,-1.273454E-08,,342.3626,0
88,-8.561572E-07,-1.273454E-08,-8.561572E-07,-1.273454E-08,,342.3626,0
89,-8.561572E-07,-1.273454E-08,-8.561572E-07,-1.273454E-08,,342.3626,0
90,-8.561572E-07,-1.273454E-08,-8.561572E-07,-1.273454E-08,,342.3626,0
91,-8.561572E-07,-1.273454E-08,-8.561572E-07,-1.273454E-08,,342.3626,0
92,-8.561572E-07,-1.273454E-08,-8.561572E-07,-1.273454E-08,,342.3626,0
93,-8.561572E-07,-1.273454E-08,-8.561572E-07,-1.273454E-08,,342.3626,0
94,-8.561572E-07,-1.273454E-08,-8.561572E-07,-1.273454E-08,,342.3626,0
95,-8.561572E-07,-1.273454E-08,-8.561572E-07,-1.273454E-08,,342.3626,0
96,-8.561572E-07,-1.273454E-08,-8.561572E-07,-1.273454E-08,,342.3626,0
97,-8.561572E-07,-1.273454E-08,-8.561572E-07,-1.273454E-08,,342.3626,0
98,-8.561572E-07,-1.273454E-08,-8.561572E-07,-1.273454E-08,,342.3626,0
99,-8.561572E-07,-1.273454E-08,-8.561572E-07,-1.273454E-08,,342.3626,0
100,-8.561572E-07,-1.273454E-08,-8.561572E-07,-1.273454E-08,,342.3626,0
101,-8.561572E-07,-1.273454E-08,-8.561572E-07,-1.273454E-08,,342.3626,0
102,-8.561572E-07,-1.273454E-08,-8.561572E-07,-1.273454E-08,,342.3626,0
103,-8.561572E-07,-1.273454E-08,-8.561572E-07,-1.273454E-08,,342.3626,0
104,-8.561572E-07,-1.273454E-08,-8.561572E-07,-1.273454E-08,,342.3626,0
105,-8.561572E-07,-1.273454E-08,-8.561572E-07,-1.273454E-08,,342.3626,0
106,-8.561572E-07,-1.273454E-08,-8.561572E-07,-1.273454E-08,,342.3626,0
107,-8.561572E-07,-1.273454E-08,-8.561572E-07,-1.273454E-08,,342.3626,0
108,-8.561572E-07,-1.273454E-08,-8.561572E-07,-1.273454E-08,,342.3626,0
109,-8.561572E-07,-1.273454E-08,-8.561572E-07,-1.273454E-08,,342.3626,0
110,-8.561572E-07,-1.273454E-08,-8.561572E-07,-1.273454E-08,,342.3626,0
111,-8.561572E-07,-1.273454E-08,-8.561572E-07,-1.273454E-08,,342.3626,0
112,-8.561572E-07,-1.273454E-08,-8.561572E-07,-1.273454E-08,,342.3626,0
113,-8.561572E-07,-1.273454E-08,-8.561572E-07,-1.273454E-08,,342.3626,0
114,-8.561572E-07,-1.273454E-08,-8.561572E-07,-1.273454E-08,,342.3626,0
115,-8.561572E-07,-1.273454E-08,-8.561572E-07,-1.273454E-08,,342.3626,0
116,-8.561572E-07,-1.273454E-08,-8.561572E-07,-1.273454E-08,,342.3626,0
117,-8.561572E-07,-1.273454E-08,-8.561572E-07,-1.273454E-08,,342.3626,0
118,-8.561572E-07,-1.273454E-08,-8.561572E-07,-1.273454E-08,,342.3626,0
119,-8.561572E-07,-1.273454E-08,-8.561572E-07,-1.273454E-08,,342.3626,0
120,-8.561572E-07,-1.273454E-08,-8.561572E-07,-1.273454E-08,,342.3626,0
121,-8.561572E-07,-1.273454E-08,-8.561572E-07,-1.273454E-08,,342.3626,0
122,-8.561572E-07,-1.273454E-08,-8.561572E-07,-1.273454E-08,,342.3626,0
123,-8.561572E-07,-1.273454E-08,-8.561572E-07,-1.273454E-08,,342.3626,0
124,-8.561572E-07,-1.273454E-08,-8.561572E-07,-1.273454E-08,,342.3626,0
125,-8.561572E-07,-1.273454E-08,-8.561572E-07,-1.273454E-08,,342.3626,0
126,-8.561572E-07,-1.273454E-08,-8.561572E-07,-1.273454E-08,,342.3626,0
127,-8.561572E-07,-1.273454E-08,-8.561572E-07,-1.273454E-08,,342.3626,0
128,-8.561572E-07,-1.273454E-08,-8.561572E-07,-1.273454E-08,,342.3626,0
129,-8.561572E-07,-1.273454E-08,-8.561572E-07,-1.273454E-08,,342.3626,0
130,-8.561572E-07,-1.273454E-08,-8.561572E-07,-1.273454E-08,,342.3626,0
131,-8.561572E-07,-1.273454E-08,-8.561572E-07,-1.273454E-08,,342.3626,0
132,-8.561572E-07,-1.273454E-08,-8.561572E-07,-1.273454E-08,,342.3626,0
133,-8.561572E-07,-1.273454E-08,-8.561572E-07,-1.273454E-08,,342.3626,0
134,-8.561572E-07,-1.273454E-08,-8.561572E-07,-1.273454E-08,,342.3626,0
135,-8.561572E-07,-1.273454E-08,-8.561572E-07,-1.273454E-08,,342.3626,0
136,-8.561572E-07,-1.273454E-08,-8.561572E-07,-1.273454E-08,,342.3626,0
137,-8.561572E-07,-1.273454E-08,-8.561572E-07,-1.273454E-08,,342.3626,0
138,-8.561572E-07,-1.273454E-08,-8.561572E-07,-1.273454E-08,,342.3626,0
139,-8.561572E-07,-1.273454E-08,-8.561572E-07,-1.273454E-08,,342.3626,0
140,-8.561572E-07,-1.273454E-08,-8.561572E-07,-1.273454E-08,,342.3626,0
141,-8.561572E-07,-1.273454E-08,-8.561572E-07,-1.273454E-08,,342.3626,0
142,-8.561572E-07,-1.273454E-08,-8.561572E-07,-1.273454E-08,,342.3626,0
143,-8.561572E-07,-1.273454E-08,-8.561572E-07,-1.273454E-08,,342.3626,0
144,-8.561572E-07,-1.273454E-08,-8.561572E-07,-1.273454E-08,,342.3626,0
145,-8.561572E-07,-1.273454E-08,-8.561572E-07,-1.273454E-08,,342.3626,0
146,-8.561572E-07,-1.273454E-08,-8.561572E-07,-1.273454E-08,,342.3626,0
147,-8.561572E-07,-1.273454E-08,-8.561572E-07,-1.273454E-08,,342.3626,0
148,-8.561572E-07,-1.273454E-08,-8.561572E-07,-1.273454E-08,,342.3626,0
149,-8.561572E-07,-1.273454E-08,-8.561572E-07,-1.273454E-08,,342.3626,0
150,-8.561572E-07,-1.273454E-08,-8.561572E-07,-1.273454E-08,,342.3626,0
151,-8.561572E-07,-1.273454E-08,-8.561572E-07,-1.273454E-08,,342.3626,0
152,-8.561572E-07,-1.273454E-08,-8.561572E-07,-1.273454E-08,,342.3626,0
153,-8.561572E-07,-1.273454E-08,-8.561572E-07,-1.273454E-08,,342.3626,0
154,-8.561572E-07,-1.273454E-08,-8.561572E-07,-1.273454E-08,,342.3626,0
155,-8.561572E-07,-1.273454E-08,-8.561572E-07,-1.273454E-08,,342.3626,0
156,-8.561572E-07,-1.273454E-08,-8.561572E-07,-1.273454E-08,,342.3626,0
157,-8.561572E-07,-1.273454E-08,-8.561572E-07,-1.273454E-08,,342.3626,0
158,-8.561572E-07,-1.273454E-08,-8.561572E-07,-1.273454E-08,,342.3626,0
159,-8.561572E-07,-1.273454E-08,-8.561572E-07,-1.273454E-08,,342.3626,0
160,-8.561572E-07,-1.273454E-08,-8.561572E-07,-1.273454E-08,,342.3626,0
161,-8.561572E-07,-1.273454E-08,-8.561572E-07,-1.273454E-08,,342.3626,0
162,-8.561572E-07,-1.273454E-08,-8.561572E-07,-1.273454E-08,,342.3626,0
163,-8.561572E-07,-1.273454E-08,-8.561572E-07,-1.273454E-08,,342.3626,0
164,-8.561572E-07,-1.273454E-08,-8.561572E-07,-1.273454E-08,,342.3626,0
165,-8.561572E-07,-1.273454E-08,-8.561572E-07,-1.273454E-08,,342.3626,0
166,-8.561572E-07,-1.273454E-08,-8.561572E-07,-1.273454E-08,,342.3626,0
167,-8.561572E-07,-1.273454E-08,-8.561572E-07,-1.273454E-08,,342.3626,0
168,-8.561572E-07,-1.273454E-08,-8.561572E-07,-1.273454E-08,,342.3626,0
169,-8.561572E-07,-1.273454E-08,-8.561572E-07,-1.273454E-08,,342.3626,0
170,-8.561572E-07,-1.273454E-08,-8.561572E-07,-1.273454E-08,,342.3626,0
171,-8.561572E-07,-1.273454E-08,-8.561572E-07,-1.273454E-08,,342.3626,0
172,-8.561572E-07,-1.273454E-08,-8.561572E-07,-1.273454E-08,,342.3626,0
173,-8.561572E-07,-1.273454E-08,-8.561572E-07,-1.273454E-08,,342.3626,0
174,-8.561572E-07,-1.273454E-08,-8.561572E-07,-1.273454E-08,,342.3626,0
175,-8.561572E-07,-1.273454E-08,-8.561572E-07,-1.273454E-08,,342.3626,0
176,-8.561572E-07,-1.273454E-08,-8.561572E-07,-1.273454E-08,,342.3626,0
177,-8.561572E-07,-1.273454E-08,-8.561572E-07,-1.273454E-08,,342.3626,0
178,-8.561572E-07,-1.273454E-08,-8.561572E-07,-1.273454E-08,,342.3626,0
179,-8.561572E-07,-1.273454E-08,-8.561572E-07,-1.273454E-08,,342.3626,0
180,-8.561572E-07,-1.273454E-08,-8.561572E-07,-1.273454E-08,,342.3626,0
181,-8.561572E-07,-1.273454E-08,-8.561572E-07,-1.273454E-08,,342.3626,0
182,-8.561572E-07,-1.273454E-08,-8.561572E-07,-1.273454E-08,,342.3626,0
183,-8.561572E-07,-1.273454E-08,-8.561572E-07,-1.273454E-08,,342.3626,0
184,-8.561572E-07,-1.273454E-08,-8.561572E-07,-1.273454E-08,,342.3626,0
185,-8.561572E-07,-1.273454E-08,-8.561572E-07,-1.273454E-08,,342.3626,0
186,-8.561572E-07,-1.273454E-08,-8.561572E-07,-1.273454E-08,,342.3626,0
187,-8.561572E-07,-1.273454E-08,-8.561572E-07,-1.273454E-08,,342.3626,0
188,-8.561572E-07,-1.273454E-08,-8.561572E-07,-1.273454E-08,,342.3626,0
189,-8.561572E-07,-1.273454E-08,-8.561572E-07,-1.273454E-08,,342.3626,0
190,-8.561572E-07,-1.273454E-08,-8.561572E-07,-1.273454E-08,,342.3626,0
191,-8.561572E-07,-1.273454E-08,-8.561572E-07,-1.273454E-08,,342.3626,0
192,-8.561572E-07,-1.273454E-08,0.001999144,-1.273454E-08,D,342.3659,1
193,0.001999144,-1.273454E-08,0.005989144,-1.273454E-08,D,342.3725,1
194,0.005989515,-6.342372E-08,0.01195957,-6.342372E-08,D,342.3824,1
195,0.01195957,-6.342372E-08,0.01989977,-6.342372E-08,D,342.3956,1
196,0.01989977,-6.342372E-08,0.02980027,-6.342372E-08,D,342.412,1
197,0.02980027,-6.342372E-08,0.04165126,-6.342372E-08,D,342.4317,1
198,0.04165126,-6.342372E-08,0.05544301,-6.342372E-08,D,342.4546,1
199,0.05544301,-6.342372E-08,0.07116579,-6.342372E-08,D,342.4807,1
200,0.071166,-1.056058E-07,0.08881018,-1.056058E-07,D,342.5099,1
201,0.08881018,-1.056058E-07,0.1083661,-1.056058E-07,D,342.5424,1
202,0.1083661,-1.056058E-07,0.1298243,-1.056058E-07,D,342.5781,1
203,0.1298243,-1.056058E-07,0.1531752,-1.056058E-07,D,342.6169,1
204,0.1531752,-1.056058E-07,0.1784093,-1.056058E-07,D,342.6588,1
205,0.1784093,-1.056058E-07,0.2055173,-1.056058E-07,D,342.7039,1
206,0.2055173,-1.273274E-07,0.2344898,-1.273274E-07,D,342.7522,1
207,0.2344898,-1.273274E-07,0.2653173,-1.273274E-07,D,342.8035,1
208,0.2653173,-1.273274E-07,0.2979907,-1.273274E-07,D,342.858,1
209,0.2979907,-1.273274E-07,0.3325008,-1.273274E-07,D,342.9155,1
210,0.3325008,-1.273274E-07,0.3688383,-1.273274E-07,D,342.9761,1
211,0.3688383,-1.273274E-07,0.4069941,-1.273274E-07,D,343.0398,1
212,0.4069941,-1.317404E-07,0.4469591,-1.317404E-07,D,343.1066,1
213,0.4469591,-1.317404E-07,0.4887244,-1.317404E-07,D,343.1764,1
214,0.4887244,-1.317404E-07,0.5322807,-1.317404E-07,D,343.2493,1
215,0.5322807,-1.317404E-07,0.5776194,-1.317404E-07,D,343.3252,1
216,0.5776194,-1.317404E-07,0.6247313,-1.317404E-07,D,343.4041,1
217,0.6247313,-1.317404E-07,0.6736076,-1.317404E-07,D,343.4861,1
218,0.6736075,5.561284E-08,0.7242395,5.561284E-08,D,343.5711,1
219,0.7242395,5.561284E-08,0.7766184,5.561284E-08,D,343.6591,1
220,0.7766184,5.561284E-08,0.8307353,5.561284E-08,D,343.7501,1
221,0.8307353,5.561284E-08,0.8865816,5.561284E-08,D,343.8441,1
222,0.8865816,5.561284E-08,0.9441487,5.561284E-08,D,343.9411,1
223,0.944149,1.766613E-07,1.003428,1.766613E-07,D,344.0411,1
224,1.003428,1.766613E-07,1.064411,1.766613E-07,D,344.1441,1
225,1.064411,1.766613E-07,1.127089,1.766613E-07,D,344.25,1
226,1.127089,1.766613E-07,1.191454,1.766613E-07,D,344.3589,1
227,1.191454,1.766613E-07,1.257496,1.766613E-07,D,344.4707,1
228,1.257496,3.74712E-07,1.325209,3.74712E-07,D,344.5855,1
229,1.325209,3.74712E-07,1.394583,3.74712E-07,D,344.7033,1
230,1.394583,3.74712E-07,1.46561,3.74712E-07,D,344.824,1
231,1.46561,3.74712E-07,1.538282,3.74712E-07,D,344.9476,1
232,1.538282,3.74712E-07,1.612591,3.74712E-07,D,345.0742,1
233,1.612591,4.774217E-07,1.688528,4.774217E-07,D,345.2037,1
234,1.688528,4.774217E-07,1.766085,4.774217E-07,D,345.3361,1
235,1.766085,4.774217E-07,1.845255,4.774217E-07,D,345.4714,1
236,1.845255,4.774217E-07,1.924028,4.774217E-07,,345.6063,1
237,1.924028,5.160108E-07,2.002408,5.160108E-07,,345.7406,1
238,2.002408,5.160108E-07,2.080396,5.160108E-07,,345.8744,1
239,2.080396,5.160108E-07,2.157994,5.160108E-07,,346.0077,1
240,2.157994,5.160108E-07,2.235204,5.160108E-07,,346.1404,1
241,2.235204,5.160108E-07,2.312028,5.160108E-07,,346.2727,1
242,2.312028,5.221482E-07,2.388468,5.221482E-07,,346.4044,1
243,2.388468,5.221482E-07,2.464525,5.221482E-07,,346.5357,1
244,2.464525,5.221482E-07,2.540203,5.221482E-07,,346.6664,1
245,2.540203,5.221482E-07,2.615502,5.221482E-07,,346.7966,1
246,2.615502,5.221482E-07,2.690424,5.221482E-07,,346.9263,1
247,2.690424,5.397905E-07,2.764972,5.397905E-07,,347.0555,1
248,2.764972,5.397905E-07,2.839147,5.397905E-07,,347.1842,1
249,2.839147,5.397905E-07,2.912952,5.397905E-07,,347.3123,1
250,2.912952,5.397905E-07,2.986387,5.397905E-07,,347.44,1
251,2.986387,5.397905E-07,3.059455,5.397905E-07,,347.5671,1
252,3.059455,5.397905E-07,3.132158,5.397905E-07,,347.6937,1
253,3.132158,5.69445E-07,3.204497,5.69445E-07,,347.8199,1
254,3.204497,5.69445E-07,3.276475,5.69445E-07,,347.9454,1
255,3.276475,5.930055E-07,3.348092,5.930055E-07,,348.0705,1
256,3.348092,5.930055E-07,3.419352,5.930055E-07,,348.1951,1
257,3.419352,5.930055E-07,3.490255,5.930055E-07,,348.3192,1
258,3.490255,5.930055E-07,3.560804,5.930055E-07,,348.4427,1
259,3.560804,6.138371E-07,3.631,6.138371E-07,,348.5658,1
260,3.631,6.138371E-07,3.700845,6.138371E-07,,348.6883,1
261,3.700845,6.138371E-07,3.77034,6.138371E-07,,348.8103,1
262,3.77034,6.138371E-07,3.839489,6.138371E-07,,348.9319,1
263,3.839489,6.138371E-07,3.908291,6.138371E-07,,349.0529,1
264,3.908291,6.333099E-07,3.97675,6.333099E-07,,349.1734,1
265,3.97675,6.333099E-07,4.044866,6.333099E-07,,349.2934,1
266,4.044866,6.333099E-07,4.112642,6.333099E-07,,349.4129,1
267,4.112642,6.333099E-07,4.180079,6.333099E-07,,349.5319,1
268,4.180079,6.333099E-07,4.247178,6.333099E-07,,349.6503,1
269,4.247178,6.333099E-07,4.313942,6.333099E-07,,349.7683,1
270,4.313942,6.613093E-07,4.380372,6.613093E-07,,349.8858,1
271,4.380372,6.613093E-07,4.44647,6.613093E-07,,350.0028,1
272,4.44647,6.613093E-07,4.512238,6.613093E-07,,350.1192,1
273,4.512238,6.613093E-07,4.577677,6.613093E-07,,350.2352,1
274,4.577677,6.613093E-07,4.642788,6.613093E-07,,350.3507,1
275,4.642788,6.613093E-07,4.707574,6.613093E-07,,350.4657,1
276,4.707574,6.938405E-07,4.772037,6.938405E-07,,350.5801,1
277,4.772037,6.938405E-07,4.836176,6.938405E-07,,350.6941,1
278,4.836176,6.938405E-07,4.899995,6.938405E-07,,350.8076,1
279,4.899995,6.938405E-07,4.963495,6.938405E-07,,350.9206,1
280,4.963495,6.938405E-07,5.026678,6.938405E-07,,351.0331,1
281,5.026678,6.938405E-07,5.089544,6.938405E-07,,351.1451,1
282,5.089544,7.280794E-07,5.152097,7.280794E-07,,351.2566,1
283,5.152097,7.280794E-07,5.214336,7.280794E-07,,351.3676,1
284,5.214336,7.280794E-07,5.276265,7.280794E-07,,351.4781,1
285,5.276265,7.280794E-07,5.337883,7.280794E-07,,351.5882,1
286,5.337883,7.280794E-07,5.399194,7.280794E-07,,351.6978,1
287,5.399194,7.280794E-07,5.460198,7.280794E-07,,351.8068,1
288,5.460198,7.671437E-07,5.520897,7.671437E-07,,351.9154,1
289,5.520897,7.671437E-07,5.581293,7.671437E-07,,352.0235,1
290,5.581293,7.671437E-07,5.641387,7.671437E-07,,352.1311,1
291,5.641387,7.671437E-07,5.70118,7.671437E-07,,352.2382,1
292,5.70118,7.671437E-07,5.760674,7.671437E-07,,352.3449,1
293,5.760674,7.671437E-07,5.81987,7.671437E-07,,352.451,1
294,5.81987,7.885654E-07,5.878771,7.885654E-07,,352.5567,1
295,5.878771,7.885654E-07,5.937377,7.885654E-07,,352.6619,1
296,5.937377,7.885654E-07,5.99569,7.885654E-07,,352.7667,1
297,5.99569,7.885654E-07,6.053711,7.885654E-07,,352.8709,1
298,6.053711,7.885654E-07,6.111443,7.885654E-07,,352.9747,1
299,6.111443,7.885654E-07,6.168886,7.885654E-07,,353.078,1
300,6.168886,8.20999E-07,6.226041,8.20999E-07,,353.1808,1
301,6.226041,8.20999E-07,6.282911,8.20999E-07,,353.2832,1
302,6.282911,8.20999E-07,6.339497,8.20999E-07,,353.3851,1
303,6.339497,8.20999E-07,6.395799,8.20999E-07,,353.4865,1
304,6.395799,8.20999E-07,6.45182,8.20999E-07,,353.5875,1
305,6.45182,8.535793E-07,6.507561,8.535793E-07,,353.688,1
306,6.507561,8.535793E-07,6.563024,8.535793E-07,,353.7881,1
307,6.563024,8.535793E-07,6.618208,8.535793E-07,,353.8876,1
308,6.618208,8.535793E-07,6.673117,8.535793E-07,,353.9867,1
309,6.673117,8.535793E-07,6.727752,8.535793E-07,,354.0854,1
310,6.727752,8.535793E-07,6.782113,8.535793E-07,,354.1836,1
311,6.782113,8.844896E-07,6.836203,8.844896E-07,,354.2813,1
312,6.836203,8.844896E-07,6.890022,8.844896E-07,,354.3786,1
313,6.890022,8.844896E-07,6.943572,-0.001999116,S,354.4751,1
314,6.943572,-0.001999116,6.996854,-0.005989116,S,354.5708,1
315,6.996854,-0.005989116,7.04987,-0.01195917,S,354.6657,1
316,7.04987,-0.01195914,7.10262,-0.01989935,S,354.7599,1
317,7.10262,-0.01989935,7.155107,-0.02979985,S,354.8534,1
318,7.155107,-0.02979985,7.207332,-0.04165084,S,354.9461,1
319,7.207332,-0.04165084,7.259295,-0.05544259,S,355.0382,1
320,7.259295,-0.05544259,7.310998,-0.07116537,S,355.1296,1
321,7.310998,-0.07116537,7.362443,-0.08880953,S,355.2204,1
322,7.362443,-0.08880953,7.413631,-0.1083655,S,355.3105,1
323,7.413631,-0.1083655,7.464563,-0.1298237,S,355.4001,1
324,7.464563,-0.1298237,7.515241,-0.1531745,S,355.489,1
325,7.515241,-0.1531745,7.565664,-0.1784087,S,355.5774,1
326,7.565664,-0.1784087,7.615836,-0.2055166,S,355.6652,1
327,7.615836,-0.2055168,7.665757,-0.2344892,S,355.7525,1
328,7.665757,-0.2344892,7.715428,-0.2653167,S,355.8393,1
329,7.715428,-0.2653167,7.764851,-0.2979901,S,355.9255,1
330,7.764851,-0.2979901,7.814027,-0.3325002,S,356.0113,1
331,7.814027,-0.3325002,7.862957,-0.3688377,S,356.0966,1
332,7.862957,-0.3688377,7.911642,-0.4069935,S,356.1814,1
333,7.911642,-0.4069936,7.960083,-0.4469586,S,356.2658,1
334,7.960083,-0.4469586,8.008283,-0.4887238,S,356.3498,1
335,8.008283,-0.4887238,8.056241,-0.5322802,S,356.4333,1
336,8.056241,-0.5322802,8.10396,-0.5776188,S,356.5165,1
337,8.10396,-0.5776188,8.151441,-0.6247308,S,356.5993,1
338,8.151441,-0.6247308,8.198684,-0.6736071,S,356.6817,1
339,8.198684,-0.6736071,8.24569,-0.7242391,S,356.7638,1
340,8.24569,-0.7242392,8.292462,-0.776618,S,356.8456,1
341,8.292462,-0.776618,8.339,-0.8307349,S,356.927,1
342,8.339,-0.8307349,8.385304,-0.8865812,S,357.0081,1
343,8.385304,-0.8865812,8.431378,-0.9441484,S,357.0889,1
344,8.431378,-0.9441484,8.477221,-1.003428,S,357.1695,1
345,8.477221,-1.003428,8.522836,-1.06441,S,357.2498,1
346,8.522836,-1.06441,8.568222,-1.127088,S,357.3298,1
347,8.568222,-1.127088,8.613381,-1.191453,S,357.4097,1
348,8.613381,-1.191453,8.658315,-1.257496,S,357.4893,1
349,8.658315,-1.257496,8.703023,-1.325208,S,357.5687,1
350,8.703023,-1.325208,8.747508,-1.394582,S,357.6479,1
351,8.747508,-1.394582,8.791771,-1.465609,S,357.7269,1
352,8.791771,-1.465609,8.835813,-1.538281,S,357.8058,1
353,8.835813,-1.538281,8.879634,-1.61259,S,357.8845,1
354,8.879634,-1.61259,8.923236,-1.686527,,357.9633,1
355,8.923236,-1.686527,8.966619,-1.760094,,358.042,1
356,8.966619,-1.760094,9.009787,-1.833294,,358.1208,1
357,9.009787,-1.833294,9.052737,-1.906127,,358.1995,1
358,9.052737,-1.906127,9.095473,-1.978597,,358.2782,1
359,9.095473,-1.978597,9.137996,-2.050704,,358.357,1
360,9.137996,-2.050704,9.180305,-2.12245,,358.4357,1
361,9.180305,-2.12245,9.222404,-2.193838,,358.5145,1
362,9.222404,-2.193838,9.264292,-2.264869,,358.5932,1
363,9.264292,-2.264869,9.30597,-2.335545,,358.6719,1
364,9.30597,-2.335545,9.347441,-2.405867,,358.7506,1
365,9.347441,-2.405867,9.388703,-2.475837,,358.8293,1
366,9.388703,-2.475837,9.42976,-2.545458,,358.9081,1
367,9.42976,-2.545458,9.470612,-2.614731,,358.9868,1
368,9.470612,-2.614731,9.511258,-2.683657,,359.0654,1
369,9.511258,-2.683657,9.551702,-2.752239,,359.1441,1
370,9.551702,-2.752239,9.591943,-2.820478,,359.2227,1
371,9.591943,-2.820478,9.631983,-2.888376,,359.3014,1
372,9.631983,-2.888376,9.671823,-2.955934,,359.38,1
373,9.671823,-2.955934,9.711464,-3.023154,,359.4586,1
374,9.711464,-3.023154,9.750907,-3.090038,,359.5371,1
375,9.750907,-3.090038,9.790153,-3.156588,,359.6157,1
376,9.790153,-3.156588,9.829202,-3.222805,,359.6942,1
377,9.829202,-3.222805,9.868055,-3.288691,,359.7727,1
378,9.868055,-3.288691,9.906715,-3.354248,,359.8512,1
379,9.906715,-3.354248,9.945182,-3.419477,,359.9297,1
380,9.945182,-3.419477,9.983456,-3.484379,,0.008095203,1
381,9.983456,-3.484379,10.02154,-3.548957,,0.08649217,1
382,10.02154,-3.548957,10.05943,-3.613213,,0.164858,1
383,10.05943,-3.613213,10.09713,-3.677147,,0.2431914,1
384,10.09713,-3.677147,10.13465,-3.740761,,0.3214931,1
385,10.13465,-3.740761,10.17198,-3.804057,,0.3997599,1
386,10.17198,-3.804057,10.20912,-3.867037,,0.4779906,1
387,10.20912,-3.867037,10.24607,-3.929702,,0.5561861,1
388,10.24607,-3.929702,10.28284,-3.992053,,0.634343,1
389,10.28284,-3.992053,10.31943,-4.054093,,0.7124602,1
390,10.31943,-4.054093,10.35583,-4.115822,,0.7905365,1
391,10.35583,-4.115822,10.39205,-4.177243,,0.8685709,1
392,10.39205,-4.177243,10.42809,-4.238357,,0.9465621,1
393,10.42809,-4.238357,10.46395,-4.299165,,1.024509,1
394,10.46395,-4.299165,10.49963,-4.35967,,1.10241,1
395,10.49963,-4.35967,10.53513,-4.419871,,1.180265,1
396,10.53513,-4.419871,10.57045,-4.479772,,1.258073,1
397,10.57045,-4.479772,10.6056,-4.539373,,1.335831,1
398,10.6056,-4.539373,10.64057,-4.598677,,1.41354,1
399,10.64057,-4.598677,10.67537,-4.657683,,1.491197,1
400,10.67537,-4.657683,10.70999,-4.716395,,1.5688,1
401,10.70999,-4.716395,10.74444,-4.774813,,1.64635,1
402,10.74444,-4.774813,10.77872,-4.832939,,1.723845,1
403,10.77872,-4.832939,10.81283,-4.890775,,1.801284,1
404,10.81283,-4.890775,10.84676,-4.948321,,1.878665,1
405,10.84676,-4.948321,10.88053,-5.005579,,1.955986,1
406,10.88053,-5.005579,10.91412,-5.062551,,2.033248,1
407,10.91412,-5.062551,10.94755,-5.119239,,2.11045,1
408,10.94755,-5.119239,10.98082,-5.175643,,2.187589,1
409,10.98082,-5.175643,11.01391,-5.231765,,2.264665,1
410,11.01391,-5.231765,11.04684,-5.287606,,2.341677,1
411,11.04684,-5.287606,11.07961,-5.343168,,2.418621,1
412,11.07961,-5.343168,11.11221,-5.398452,,2.495501,1
413,11.11221,-5.398452,11.14465,-5.45346,,2.572312,1
414,11.14465,-5.45346,11.17693,-5.508193,,2.649055,1
415,11.17693,-5.508193,11.20904,-5.562652,,2.725725,1
416,11.20904,-5.562652,11.241,-5.616839,,2.802324,1
417,11.241,-5.616839,11.27279,-5.670755,,2.87885,1
418,11.27279,-5.670755,11.30443,-5.724401,,2.955303,1
419,11.30443,-5.724401,11.33591,-5.777779,,3.031682,1
420,11.33591,-5.777779,11.36723,-5.83089,,3.107984,1
421,11.36723,-5.83089,11.39839,-5.883736,,3.18421,1
422,11.39839,-5.883736,11.4294,-5.936317,,3.260356,1
423,11.4294,-5.936317,11.46025,-5.988636,,3.336425,1
424,11.46025,-5.988636,11.49095,-6.040692,,3.412411,1
425,11.49095,-6.040692,11.52149,-6.092489,,3.488317,1
426,11.52149,-6.092489,11.55189,-6.144026,,3.56414,1
427,11.55189,-6.144026,11.58213,-6.195306,,3.639881,1
428,11.58213,-6.195306,11.61222,-6.24633,,3.715535,1
429,11.61222,-6.24633,11.64216,-6.297098,,3.791104,1
430,11.64216,-6.297098,11.67195,-6.347613,,3.866585,1
431,11.67195,-6.347613,11.70159,-6.397875,,3.941978,1
432,11.70159,-6.397875,11.73108,-6.447886,,4.017284,1
433,11.73108,-6.447886,11.76042,-6.497646,,4.092498,1
434,11.76042,-6.497646,11.78962,-6.547158,,4.167622,1
435,11.78962,-6.547158,11.81867,-6.596423,,4.242653,1
436,11.81867,-6.596423,11.84758,-6.645441,,4.317592,1
437,11.84758,-6.645441,11.87634,-6.694213,,4.392436,1
438,11.87634,-6.694213,11.90496,-6.742743,,4.467183,1
439,11.90496,-6.742743,11.93343,-6.791029,,4.541834,1
440,11.93343,-6.791029,11.96177,-6.839074,,4.616391,1
441,11.96177,-6.839074,11.98996,-6.886879,,4.690848,1
442,11.98996,-6.886879,12.01801,-6.934444,,4.765207,1
443,12.01801,-6.934444,12.04592,-6.981772,,4.839467,1
444,12.04592,-6.981772,12.07369,-7.028863,,4.913621,1
445,12.07369,-7.028863,12.10132,-7.075719,,4.987677,1
446,12.10132,-7.075719,12.12881,-7.122341,,5.061628,1
447,12.12881,-7.122341,12.15617,-7.168729,,5.135476,1
448,12.15617,-7.168729,12.18539,-7.214885,D,5.213921,1
449,12.18539,-7.214885,12.21646,-7.260811,D,5.296958,1
450,12.21646,-7.260811,12.24938,-7.306507,D,5.384592,1
451,12.24938,-7.306507,12.28413,-7.351974,D,5.476814,1
452,12.28413,-7.351974,12.32071,-7.397215,D,5.573627,1
453,12.32071,-7.397215,12.35911,-7.442229,D,5.675026,1
454,12.35911,-7.442229,12.39931,-7.487018,D,5.781005,1
455,12.39931,-7.487018,12.44132,-7.531583,D,5.891564,1
456,12.44132,-7.531583,12.48511,-7.575925,D,6.006697,1
457,12.48511,-7.575925,12.53068,-7.620045,D,6.126398,1
458,12.53068,-7.620045,12.57803,-7.663945,D,6.250663,1
459,12.57803,-7.663945,12.62714,-7.707625,D,6.379481,1
460,12.62714,-7.707625,12.67801,-7.751087,D,6.51285,1
461,12.67801,-7.751087,12.73062,-7.794332,D,6.650762,1
462,12.73062,-7.794332,12.78496,-7.83736,D,6.793208,1
463,12.78496,-7.83736,12.84104,-7.880174,D,6.940176,1
464,12.84104,-7.880174,12.89883,-7.922773,D,7.091662,1
465,12.89883,-7.922773,12.95834,-7.965159,D,7.24765,1
466,12.95834,-7.965159,13.01955,-8.007333,D,7.408132,1
467,13.01955,-8.007333,13.08245,-8.049296,D,7.573095,1
468,13.08245,-8.049296,13.14704,-8.09105,D,7.742527,1
469,13.14704,-8.09105,13.2133,-8.132595,D,7.916413,1
470,13.2133,-8.132595,13.28123,-8.173932,D,8.094741,1
471,13.28123,-8.173932,13.35083,-8.215062,D,8.277491,1
472,13.35083,-8.215062,13.42207,-8.255987,D,8.464654,1
473,13.42207,-8.255987,13.49496,-8.296707,D,8.656204,1
474,13.49496,-8.296707,13.56949,-8.337224,D,8.852129,1
475,13.56949,-8.337224,13.64564,-8.377538,D,9.05241,1
476,13.64564,-8.377538,13.72341,-8.41765,D,9.257024,1
477,13.72341,-8.41765,13.8028,-8.457562,D,9.465947,1
478,13.8028,-8.457562,13.88378,-8.497274,D,9.679164,1
479,13.88378,-8.497274,13.96636,-8.536788,D,9.896646,1
480,13.96636,-8.536788,14.05053,-8.576104,D,10.11837,1
481,14.05053,-8.576104,14.13628,-8.615224,D,10.34431,1
482,14.13628,-8.615224,14.2236,-8.654148,D,10.57444,1
483,14.2236,-8.654148,14.31248,-8.692878,D,10.80872,1
484,14.31248,-8.692878,14.40292,-8.731414,D,11.04715,1
485,14.40292,-8.731414,14.4949,-8.769757,D,11.28967,1
486,14.4949,-8.769757,14.58843,-8.807909,D,11.53626,1
487,14.58843,-8.807909,14.68149,-8.84587,,11.78201,1
488,14.68149,-8.84587,14.77408,-8.88364,,12.02692,1
489,14.77408,-8.88364,14.86621,-8.921222,,12.27097,1
490,14.86621,-8.921222,14.95788,-8.958615,,12.51417,1
491,14.95788,-8.958615,15.04909,-8.995822,,12.75651,1
492,15.04909,-8.995822,15.13984,-9.032843,,12.99796,1
493,15.13984,-9.032843,15.23014,-9.069678,,13.23855,1
494,15.23014,-9.069678,15.31999,-9.10633,,13.47824,1
495,15.31999,-9.10633,15.40939,-9.142798,,13.71704,1
496,15.40939,-9.142798,15.49835,-9.179085,,13.95494,1
497,15.49835,-9.179085,15.58686,-9.215189,,14.19194,1
498,15.58686,-9.215189,15.67492,-9.251113,,14.42802,1
499,15.67492,-9.251113,15.76255,-9.286858,,14.66319,1
500,15.76255,-9.286858,15.84973,-9.322423,,14.89744,1
501,15.84973,-9.322423,15.93649,-9.357811,,15.13075,1
502,15.93649,-9.357811,16.0228,-9.393022,,15.36313,1
503,16.0228,-9.393022,16.10869,-9.428057,,15.59458,1
504,16.10869,-9.428057,16.19415,-9.462916,,15.82509,1
505,16.19415,-9.462916,16.27917,-9.497602,,16.05465,1
506,16.27917,-9.497602,16.36378,-9.532114,,16.28325,1
507,16.36378,-9.532114,16.44796,-9.566454,,16.51091,1
508,16.44796,-9.566454,16.53172,-9.600622,,16.73759,1
509,16.53172,-9.600622,16.61506,-9.634619,,16.96332,1
510,16.61506,-9.634619,16.69798,-9.668446,,17.18808,1
511,16.69798,-9.668446,16.78049,-9.702104,,17.41187,1
512,16.78049,-9.702104,16.86259,-9.735593,,17.63469,1
513,16.86259,-9.735593,16.94428,-9.768915,,17.85653,1
514,16.94428,-9.768915,17.02556,-9.802071,,18.07739,1
515,17.02556,-9.802071,17.10643,-9.83506,,18.29727,1
516,17.10643,-9.83506,17.1869,-9.867885,,18.51616,1
517,17.1869,-9.867885,17.26696,-9.900545,,18.73406,1
518,17.26696,-9.900545,17.34663,-9.933043,,18.95098,1
519,17.34663,-9.933043,17.42589,-9.965378,,19.1669,1
520,17.42589,-9.965378,17.50476,-9.997551,,19.38183,1
521,17.50476,-9.997551,17.58324,-10.02956,,19.59576,1
522,17.58324,-10.02956,17.66132,-10.06142,,19.80869,1
523,17.66132,-10.06142,17.73902,-10.09311,,20.02063,1
524,17.73902,-10.09311,17.81632,-10.12464,,20.23156,1
525,17.81632,-10.12464,17.89324,-10.15602,,20.44149,1
526,17.89324,-10.15602,17.96977,-10.18724,,20.65042,1
527,17.96977,-10.18724,18.04593,-10.2183,,20.85835,1
528,18.04593,-10.2183,18.12169,-10.24921,,21.06527,1
529,18.12169,-10.24921,18.19709,-10.27997,,21.27119,1
530,18.19709,-10.27997,18.2721,-10.31057,,21.4761,1
531,18.2721,-10.31057,18.34674,-10.34101,,21.68,1
532,18.34674,-10.34101,18.42101,-10.37131,,21.8829,1
533,18.42101,-10.37131,18.4949,-10.40145,,22.08479,1
534,18.4949,-10.40145,18.56843,-10.43145,,22.28567,1
535,18.56843,-10.43145,18.64159,-10.46129,,22.48555,0
536,18.64159,-10.46129,18.71438,-10.49098,,22.68442,0
537,18.71438,-10.49098,18.78681,-10.52053,,22.88228,0
538,18.78681,-10.52053,18.85887,-10.54993,,23.07914,0
539,18.85887,-10.54993,18.93058,-10.57918,,23.27499,0
540,18.93058,-10.57918,19.00192,-10.60828,,23.46984,0
541,19.00192,-10.60828,19.07291,-10.63724,,23.66367,0
542,19.07291,-10.63724,19.14355,-10.66605,,23.85652,0
543,19.14355,-10.66605,19.21383,-10.69472,,24.04836,0
544,19.21383,-10.69472,19.28376,-10.72325,,24.2392,0
545,19.28376,-10.72325,19.35334,-10.75163,,24.42904,0
546,19.35334,-10.75163,19.42257,-10.77987,,24.61788,0
547,19.42257,-10.77987,19.49146,-10.80798,,24.80573,0
548,19.49146,-10.80798,19.56001,-10.83594,,24.99258,0
549,19.56001,-10.83594,19.6282,-10.86376,,25.17844,0
550,19.6282,-10.86376,19.69606,-10.89144,,25.36331,0
551,19.69606,-10.89144,19.76358,-10.91898,,25.54718,0
552,19.76358,-10.91898,19.83077,-10.94639,,25.73007,0
553,19.83077,-10.94639,19.89761,-10.97365,,25.91197,0
554,19.89761,-10.97365,19.96412,-11.00079,,26.09289,0
555,19.96412,-11.00079,20.0303,-11.02778,,26.27283,0
556,20.0303,-11.02778,20.09615,-11.05464,,26.45179,0
557,20.09615,-11.05464,20.16167,-11.08137,,26.62977,0
558,20.16167,-11.08137,20.22686,-11.10796,,26.80677,0
559,20.22686,-11.10796,20.29173,-11.13442,,26.98281,0
560,20.29173,-11.13442,20.35627,-11.16075,,27.15786,0
561,20.35627,-11.16075,20.42049,-11.18695,,27.33196,0
562,20.42049,-11.18695,20.48439,-11.21301,,27.50509,0
563,20.48439,-11.21301,20.54796,-11.23895,,27.67725,0
564,20.54796,-11.23895,20.61123,-11.26476,,27.84847,0
565,20.61123,-11.26476,20.67417,-11.29043,,28.01872,0
566,20.67417,-11.29043,20.7368,-11.31598,,28.18801,0
567,20.7368,-11.31598,20.79912,-11.3414,,28.35637,0
568,20.79912,-11.3414,20.86112,-11.36669,,28.52376,0
569,20.86112,-11.36669,20.92282,-11.39186,,28.69022,0
570,20.92282,-11.39186,20.9842,-11.4169,,28.85573,0
571,20.9842,-11.4169,21.04528,-11.44182,,29.02031,0
572,21.04528,-11.44182,21.10605,-11.46661,,29.18395,0
573,21.10605,-11.46661,21.16652,-11.49127,,29.34666,0
574,21.16652,-11.49127,21.22669,-11.51582,,29.50843,0
575,21.22669,-11.51582,21.28656,-11.54024,,29.66929,0
576,21.28656,-11.54024,21.34612,-11.56454,,29.82922,0
577,21.34612,-11.56454,21.40539,-11.58871,,29.98823,0
578,21.40539,-11.58871,21.46437,-11.61277,,30.14633,0
579,21.46437,-11.61277,21.52304,-11.63671,,30.30351,0
580,21.52304,-11.63671,21.58143,-11.66052,,30.45979,0
581,21.58143,-11.66052,21.63952,-11.68422,,30.61516,0
582,21.63952,-11.68422,21.69732,-11.7078,,30.76964,0
583,21.69732,-11.7078,21.75484,-11.73126,,30.92322,0
584,21.75484,-11.73126,21.81206,-11.75461,,31.0759,0
585,21.81206,-11.75461,21.869,-11.77783,,31.2277,0
586,21.869,-11.77783,21.92566,-11.80094,,31.37861,0
587,21.92566,-11.80094,21.98203,-11.82394,,31.52864,0
588,21.98203,-11.82394,22.03812,-11.84682,,31.67778,0
589,22.03812,-11.84682,22.09393,-11.86959,,31.82606,0
590,22.09393,-11.86959,22.14946,-11.89224,,31.97346,0
591,22.14946,-11.89224,22.20471,-11.91478,,32.11999,0
592,22.20471,-11.91478,22.25969,-11.9372,,32.26567,0
593,22.25969,-11.9372,22.31439,-11.95952,,32.41048,0
594,22.31439,-11.95952,22.36882,-11.98172,,32.55445,0
595,22.36882,-11.98172,22.42297,-12.00381,,32.69756,0
596,22.42297,-12.00381,22.47686,-12.02579,,32.83982,0
597,22.47686,-12.02579,22.53047,-12.04766,,32.98123,0
598,22.53047,-12.04766,22.58382,-12.06943,,33.12181,0
599,22.58382,-12.06943,22.6369,-12.09108,,33.26157,0
600,22.6369,-12.09108,22.68972,-12.11262,,33.40047,0
601,22.68972,-12.11262,22.74227,-12.13406,,33.53856,0
602,22.74227,-12.13406,22.79456,-12.15539,,33.67582,0
603,22.79456,-12.15539,22.84658,-12.17661,,33.81227,0
604,22.84658,-12.17661,22.89835,-12.19773,,33.9479,0
605,22.89835,-12.19773,22.94986,-12.21874,,34.08272,0
606,22.94986,-12.21874,23.00111,-12.23965,,34.21674,0
607,23.00111,-12.23965,23.0521,-12.26045,,34.34995,0
608,23.0521,-12.26045,23.10284,-12.28115,,34.48236,0
609,23.10284,-12.28115,23.15333,-12.30174,,34.61399,0
610,23.15333,-12.30174,23.20356,-12.32223,,34.74482,0
611,23.20356,-12.32223,23.25355,-12.34262,,34.87486,0
612,23.25355,-12.34262,23.30328,-12.36291,,35.00411,0
613,23.30328,-12.36291,23.35276,-12.38309,,35.1326,0
614,23.35276,-12.38309,23.402,-12.40318,,35.2603,0
615,23.402,-12.40318,23.45099,-12.42316,,35.38724,0
616,23.45099,-12.42316,23.49973,-12.44305,,35.51341,0
617,23.49973,-12.44305,23.54823,-12.46283,,35.63883,0
618,23.54823,-12.46283,23.59649,-12.48252,,35.76348,0
619,23.59649,-12.48252,23.64451,-12.50211,,35.88739,0
620,23.64451,-12.50211,23.69229,-12.5216,,36.01054,0
621,23.69229,-12.5216,23.73983,-12.54099,,36.13295,0
622,23.73983,-12.54099,23.78713,-12.56028,,36.25461,0
623,23.78713,-12.56028,23.83419,-12.57948,,36.37555,0
624,23.83419,-12.57948,23.88102,-12.59858,,36.49575,0
625,23.88102,-12.59858,23.92762,-12.61759,,36.61521,0
626,23.92762,-12.61759,23.97398,-12.6365,,36.73396,0
627,23.97398,-12.6365,24.02011,-12.65532,,36.85198,0
628,24.02011,-12.65532,24.06601,-12.67404,,36.9693,0
629,24.06601,-12.67404,24.11168,-12.69267,,37.08589,0
630,24.11168,-12.69267,24.15712,-12.71121,,37.20178,0
631,24.15712,-12.71121,24.20233,-12.72965,,37.31696,0
632,24.20233,-12.72965,24.24732,-12.74801,,37.43144,0
633,24.24732,-12.74801,24.29208,-12.76627,,37.54523,0
634,24.29208,-12.76627,24.33662,-12.78443,,37.65833,0
635,24.33662,-12.78443,24.38094,-12.80251,,37.77074,0
636,24.38094,-12.80251,24.42504,-12.8205,,37.88246,0
637,24.42504,-12.8205,24.46891,-12.8384,,37.99351,0
638,24.46891,-12.8384,24.51257,-12.8562,,38.10388,0
639,24.51257,-12.8562,24.55601,-12.87392,,38.21358,0
640,24.55601,-12.87392,24.59923,-12.89155,,38.32261,0
641,24.59923,-12.89155,24.64223,-12.9091,,38.43097,0
642,24.64223,-12.9091,24.68502,-12.92655,,38.53867,0
643,24.68502,-12.92655,24.72759,-12.94392,,38.64573,0
644,24.72759,-12.94392,24.76996,-12.9612,,38.75212,0
645,24.76996,-12.9612,24.81211,-12.97839,,38.85787,0
646,24.81211,-12.97839,24.85405,-12.9955,,38.96297,0
647,24.85405,-12.9955,24.89577,-13.01252,,39.06742,0
648,24.89577,-13.01252,24.9373,-13.02946,,39.17125,0
649,24.9373,-13.02946,24.97861,-13.04631,,39.27444,0
650,24.97861,-13.04631,25.01972,-13.06308,,39.377,0
651,25.01972,-13.06308,25.06062,-13.07977,,39.47894,0
652,25.06062,-13.07977,25.10131,-13.09637,,39.58026,0
653,25.10131,-13.09637,25.14181,-13.11289,,39.68095,0
654,25.14181,-13.11289,25.1821,-13.12932,,39.78104,0
655,25.1821,-13.12932,25.22219,-13.14567,,39.88051,0
656,25.22219,-13.14567,25.26208,-13.16195,,39.97937,0
657,25.26208,-13.16195,25.30177,-13.17814,,40.07764,0
658,25.30177,-13.17814,25.34126,-13.19425,,40.17531,0
659,25.34126,-13.19425,25.38055,-13.21027,,40.27237,0
660,25.38055,-13.21027,25.41965,-13.22622,,40.36885,0
661,25.41965,-13.22622,25.45855,-13.24209,,40.46474,0
662,25.45855,-13.24209,25.49726,-13.25788,,40.56005,0
663,25.49726,-13.25788,25.53577,-13.27359,,40.65478,0
664,25.53577,-13.27359,25.57409,-13.28922,,40.74892,0
665,25.57409,-13.28922,25.61222,-13.30478,,40.84249,0
666,25.61222,-13.30478,25.65016,-13.32026,,40.93549,0
667,25.65016,-13.32026,25.68791,-13.33765,S,41.03108,0
668,25.68791,-13.33765,25.72547,-13.35697,S,41.12923,0
669,25.72547,-13.35697,25.76284,-13.37818,S,41.22998,0
670,25.76284,-13.37818,25.80003,-13.40129,S,41.33329,0
671,25.80003,-13.40129,25.83703,-13.42628,S,41.4392,0
672,25.83703,-13.42628,25.87384,-13.45315,S,41.5477,0
673,25.87384,-13.45315,25.91047,-13.48189,S,41.6588,0
674,25.91047,-13.48189,25.94692,-13.51248,S,41.7725,0
675,25.94692,-13.51248,25.98319,-13.54492,S,41.88881,1
676,25.98319,-13.54492,26.01927,-13.57919,S,42.00773,1
677,26.01927,-13.57919,26.05517,-13.6153,S,42.12928,1
678,26.05517,-13.6153,26.0909,-13.65322,S,42.25347,1
679,26.0909,-13.65322,26.12644,-13.69295,S,42.38029,1
680,26.12644,-13.69295,26.16181,-13.73449,S,42.50978,1
681,26.16181,-13.73449,26.197,-13.77782,S,42.64195,1
682,26.197,-13.77782,26.23202,-13.82293,S,42.77678,1
683,26.23202,-13.82293,26.26686,-13.86981,S,42.9143,1
684,26.26686,-13.86981,26.30152,-13.91846,S,43.05453,1
685,26.30152,-13.91846,26.33602,-13.96887,S,43.19748,1
686,26.33602,-13.96887,26.37034,-14.02103,S,43.34317,1
687,26.37034,-14.02103,26.40449,-14.07492,S,43.4916,1
688,26.40449,-14.07492,26.43846,-14.13055,S,43.6428,1
689,26.43846,-14.13055,26.47227,-14.18789,S,43.79678,1
690,26.47227,-14.18789,26.50591,-14.24695,S,43.95358,1
691,26.50591,-14.24695,26.53938,-14.30772,S,44.11318,1
692,26.53938,-14.30772,26.57268,-14.37018,S,44.27562,1
693,26.57268,-14.37018,26.60582,-14.43433,S,44.44092,1
694,26.60582,-14.43433,26.63879,-14.50016,S,44.6091,1
695,26.63879,-14.50016,26.67159,-14.56766,S,44.78018,1
696,26.67159,-14.56766,26.70424,-14.63682,S,44.95418,1
697,26.70424,-14.63682,26.73672,-14.70764,S,45.13112,1
698,26.73672,-14.70764,26.76903,-14.7801,S,45.31103,1
699,26.76903,-14.7801,26.80119,-14.8542,S,45.49393,1
700,26.80119,-14.8542,26.83318,-14.92993,S,45.67984,1
701,26.83318,-14.92993,26.86501,-15.00728,S,45.86879,1
702,26.86501,-15.00728,26.89669,-15.08624,S,46.06079,1
703,26.89669,-15.08624,26.92821,-15.16681,S,46.25589,1
704,26.92821,-15.16681,26.95956,-15.24898,S,46.45411,1
705,26.95956,-15.24898,26.99077,-15.33273,S,46.65546,1
706,26.99077,-15.33273,27.02181,-15.41807,S,46.85998,1
707,27.02181,-15.41807,27.0527,-15.50498,S,47.06769,1
708,27.0527,-15.50498,27.08344,-15.59345,S,47.27864,1
709,27.08344,-15.59345,27.11402,-15.68349,S,47.49283,1
710,27.11402,-15.68349,27.14445,-15.77507,S,47.71031,1
711,27.14445,-15.77507,27.17473,-15.86819,S,47.93111,1
712,27.17473,-15.86819,27.20486,-15.96285,S,48.15525,1
713,27.20486,-15.96285,27.23483,-16.05904,S,48.38276,1
714,27.23483,-16.05904,27.26466,-16.15674,S,48.61367,1
715,27.26466,-16.15674,27.29433,-16.25596,S,48.84804,1
716,27.29433,-16.25596,27.32386,-16.35668,S,49.08587,1
717,27.32386,-16.35668,27.35324,-16.45689,,49.3234,1
718,27.35324,-16.45689,27.38248,-16.55661,,49.56065,1
719,27.38248,-16.55661,27.41156,-16.65582,,49.79758,1
720,27.41156,-16.65582,27.44051,-16.75455,,50.03419,1
721,27.44051,-16.75455,27.4693,-16.85277,,50.27045,1
722,27.4693,-16.85277,27.49796,-16.95051,,50.5064,1
723,27.49796,-16.95051,27.52647,-17.04776,,50.74199,1
724,27.52647,-17.04776,27.55484,-17.14452,,50.97721,1
725,27.55484,-17.14452,27.58306,-17.2408,,51.21206,1
726,27.58306,-17.2408,27.61115,-17.33659,,51.44653,1
727,27.61115,-17.33659,27.63909,-17.43191,,51.6806,1
728,27.63909,-17.43191,27.66689,-17.52675,,51.91428,1
729,27.66689,-17.52675,27.69456,-17.62112,,52.14754,1
730,27.69456,-17.62112,27.72209,-17.71501,,52.38039,1
731,27.72209,-17.71501,27.74948,-17.80844,,52.6128,1
732,27.74948,-17.80844,27.77673,-17.9014,,52.84477,1
733,27.77673,-17.9014,27.80385,-17.99389,,53.07629,1
734,27.80385,-17.99389,27.83083,-18.08592,,53.30736,1
735,27.83083,-18.08592,27.85767,-18.17749,,53.53795,1
736,27.85767,-18.17749,27.88439,-18.2686,,53.76808,1
737,27.88439,-18.2686,27.91096,-18.35926,,53.99771,1
738,27.91096,-18.35926,27.93741,-18.44946,,54.22687,1
739,27.93741,-18.44946,27.96372,-18.53922,,54.4555,1
740,27.96372,-18.53922,27.98991,-18.62852,,54.68364,1
741,27.98991,-18.62852,28.01596,-18.71738,,54.91125,1
742,28.01596,-18.71738,28.04188,-18.80579,,55.13834,1
743,28.04188,-18.80579,28.06767,-18.89376,,55.36489,1
744,28.06767,-18.89376,28.09333,-18.98129,,55.59089,1
745,28.09333,-18.98129,28.11886,-19.06839,,55.81635,1
746,28.11886,-19.06839,28.14427,-19.15504,,56.04124,1
747,28.14427,-19.15504,28.16955,-19.24127,,56.26556,1
748,28.16955,-19.24127,28.1947,-19.32706,,56.48933,1
749,28.1947,-19.32706,28.21973,-19.41243,,56.71251,1
750,28.21973,-19.41243,28.24463,-19.49737,,56.93509,1
751,28.24463,-19.49737,28.26741,-19.58188,A,57.15422,1
752,28.26741,-19.58188,28.28807,-19.66597,A,57.36996,1
753,28.28807,-19.66597,28.30663,-19.74964,A,57.58233,1
754,28.30663,-19.74964,28.3231,-19.83289,A,57.79139,1
755,28.3231,-19.83289,28.33748,-19.91573,A,57.99719,1
756,28.33748,-19.91573,28.34979,-19.99815,A,58.19976,1
757,28.34979,-19.99815,28.36004,-20.08016,A,58.39915,1
758,28.36004,-20.08016,28.36824,-20.16176,A,58.5954,1
759,28.36824,-20.16176,28.3744,-20.24295,A,58.78857,1
760,28.3744,-20.24295,28.37853,-20.32374,A,58.97866,1
761,28.37853,-20.32374,28.38064,-20.40412,A,59.16574,1
762,28.38064,-20.40412,28.38074,-20.4841,A,59.34982,1
763,28.38074,-20.4841,28.37883,-20.56368,A,59.53097,1
764,28.37883,-20.56368,28.37494,-20.64286,A,59.70921,1
765,28.37494,-20.64286,28.36906,-20.72165,A,59.88457,1
766,28.36906,-20.72165,28.36122,-20.80004,A,60.05709,1
767,28.36122,-20.80004,28.35141,-20.87804,A,60.2268,1
768,28.35141,-20.87804,28.33965,-20.95565,A,60.39373,1
769,28.33965,-20.95565,28.32596,-21.03287,A,60.55793,1
770,28.32596,-21.03287,28.31033,-21.1097,A,60.71941,1
771,28.31033,-21.1097,28.29278,-21.18616,A,60.87821,1
772,28.29278,-21.18616,28.27331,-21.26222,A,61.03435,1
773,28.27331,-21.26222,28.25195,-21.33791,A,61.18786,1
774,28.25195,-21.33791,28.22869,-21.41322,A,61.33876,1
775,28.22869,-21.41322,28.20354,-21.48816,A,61.4871,1
776,28.20354,-21.48816,28.17653,-21.56272,A,61.63289,1
777,28.17653,-21.56272,28.14764,-21.6369,A,61.77614,1
778,28.14764,-21.6369,28.1169,-21.71072,A,61.9169,1
779,28.1169,-21.71072,28.08432,-21.78417,A,62.05516,1
780,28.08432,-21.78417,28.0499,-21.85725,A,62.19098,1
781,28.0499,-21.85725,28.01365,-21.92996,A,62.32436,1
782,28.01365,-21.92996,27.97558,-22.00231,A,62.45532,1
783,27.97558,-22.00231,27.9357,-22.0743,A,62.58389,1
784,27.9357,-22.0743,27.89402,-22.14593,A,62.71006,1
785,27.89402,-22.14593,27.85055,-22.2172,A,62.83387,1
786,27.85055,-22.2172,27.8053,-22.28811,A,62.95534,1
787,27.8053,-22.28811,27.75827,-22.35867,A,63.07448,1
788,27.75827,-22.35867,27.70948,-22.42888,A,63.19129,1
789,27.70948,-22.42888,27.65894,-22.49873,A,63.3058,1
790,27.65894,-22.49873,27.60664,-22.56824,A,63.41802,1
791,27.60664,-22.56824,27.55261,-22.6374,A,63.52797,1
792,27.55261,-22.6374,27.49685,-22.70621,A,63.63564,1
793,27.49685,-22.70621,27.43936,-22.77468,A,63.74105,1
794,27.43936,-22.77468,27.38017,-22.84281,A,63.84422,1
795,27.38017,-22.84281,27.31926,-22.91059,A,63.94513,1
796,27.31926,-22.91059,27.25667,-22.97804,A,64.04384,1
797,27.25667,-22.97804,27.19238,-23.04515,A,64.1403,1
798,27.19238,-23.04515,27.12642,-23.11192,A,64.23455,1
799,27.12642,-23.11192,27.05879,-23.17836,A,64.32657,1
800,27.05879,-23.17836,26.9915,-23.24447,,64.41901,1
801,26.9915,-23.24447,26.92454,-23.31025,,64.51184,1
802,26.92454,-23.31025,26.85792,-23.3757,,64.60509,1
803,26.85792,-23.3757,26.79163,-23.44082,,64.69876,1
804,26.79163,-23.44082,26.72567,-23.50562,,64.79284,1
805,26.72567,-23.50562,26.66004,-23.57009,,64.88734,1
806,26.66004,-23.57009,26.59474,-23.63424,,64.98225,1
807,26.59474,-23.63424,26.52977,-23.69807,,65.07758,1
808,26.52977,-23.69807,26.46512,-23.76158,,65.17332,1
809,26.46512,-23.76158,26.40079,-23.82477,,65.26948,1
810,26.40079,-23.82477,26.33679,-23.88764,,65.36606,1
811,26.33679,-23.88764,26.27311,-23.9502,,65.46307,1
812,26.27311,-23.9502,26.20974,-24.01245,,65.56048,1
813,26.20974,-24.01245,26.14669,-24.07439,,65.65833,1
814,26.14669,-24.07439,26.08396,-24.13602,,65.75659,1
815,26.08396,-24.13602,26.02154,-24.19734,,65.85529,1
816,26.02154,-24.19734,25.95943,-24.25835,,65.95441,1
817,25.95943,-24.25835,25.89763,-24.31906,,66.05395,1
818,25.89763,-24.31906,25.83615,-24.37947,,66.15392,1
819,25.83615,-24.37947,25.77497,-24.43957,,66.25431,1
820,25.77497,-24.43957,25.71409,-24.49937,,66.35515,1
821,25.71409,-24.49937,25.65352,-24.55887,,66.45641,1
822,25.65352,-24.55887,25.59325,-24.61808,,66.55809,1
823,25.59325,-24.61808,25.53329,-24.67699,,66.66021,1
824,25.53329,-24.67699,25.47362,-24.73561,,66.76275,1
825,25.47362,-24.73561,25.41425,-24.79393,,66.86574,1
826,25.41425,-24.79393,25.35518,-24.85196,,66.96916,1
827,25.35518,-24.85196,25.29641,-24.9097,,67.07301,1
828,25.29641,-24.9097,25.23793,-24.96715,,67.17729,1
829,25.23793,-24.96715,25.17974,-25.02432,,67.28201,1
830,25.17974,-25.02432,25.12184,-25.0812,,67.38718,1
831,25.12184,-25.0812,25.06423,-25.13779,,67.49277,1
832,25.06423,-25.13779,25.00691,-25.1941,,67.59882,1
833,25.00691,-25.1941,24.94987,-25.25013,,67.70528,1
834,24.94987,-25.25013,24.89312,-25.30588,,67.81218,1
835,24.89312,-25.30588,24.83666,-25.36135,,67.91953,1
836,24.83666,-25.36135,24.78047,-25.41655,,68.02733,1
837,24.78047,-25.41655,24.72457,-25.47146,,68.13556,1
838,24.72457,-25.47146,24.66895,-25.52611,,68.24423,1
839,24.66895,-25.52611,24.6136,-25.58048,,68.35334,1
840,24.6136,-25.58048,24.55854,-25.63457,,68.46289,1
841,24.55854,-25.63457,24.50374,-25.6884,,68.5729,1
842,24.50374,-25.6884,24.44923,-25.74196,,68.68333,1
843,24.44923,-25.74196,24.39498,-25.79525,,68.79422,1
844,24.39498,-25.79525,24.34101,-25.84827,,68.90556,1
845,24.34101,-25.84827,24.2873,-25.90103,,69.01733,1
846,24.2873,-25.90103,24.23386,-25.95353,,69.12955,1
847,24.23386,-25.95353,24.18069,-26.00576,,69.2422,1
848,24.18069,-26.00576,24.12779,-26.05773,,69.35533,1
849,24.12779,-26.05773,24.07515,-26.10944,,69.46889,1
850,24.07515,-26.10944,24.02278,-26.1609,,69.58289,1
851,24.02278,-26.1609,23.97066,-26.21209,,69.69733,1
852,23.97066,-26.21209,23.91881,-26.26303,,69.81224,1
853,23.91881,-26.26303,23.86721,-26.31372,,69.92759,1
854,23.86721,-26.31372,23.81588,-26.36415,,70.04338,1
855,23.81588,-26.36415,23.7648,-26.41433,,70.15962,1
856,23.7648,-26.41433,23.71398,-26.46426,,70.27631,1
857,23.71398,-26.46426,23.66341,-26.51394,,70.39346,1
858,23.66341,-26.51394,23.61309,-26.56337,,70.51104,1
859,23.61309,-26.56337,23.56302,-26.61255,,70.62906,1
860,23.56302,-26.61255,23.51321,-26.66149,,70.74755,1
861,23.51321,-26.66149,23.46364,-26.71018,,70.86649,1
862,23.46364,-26.71018,23.41432,-26.75863,,70.98585,1
863,23.41432,-26.75863,23.36525,-26.80683,,71.10567,1
864,23.36525,-26.80683,23.31643,-26.8548,,71.22596,1
865,23.31643,-26.8548,23.26784,-26.90252,,71.34668,1
866,23.26784,-26.90252,23.2195,-26.95001,,71.46786,1
867,23.2195,-26.95001,23.17141,-26.99726,,71.58948,1
868,23.17141,-26.99726,23.12355,-27.04428,,71.71154,1
869,23.12355,-27.04428,23.07593,-27.09106,,71.83407,1
870,23.07593,-27.09106,23.02855,-27.1376,,71.95703,1
871,23.02855,-27.1376,22.98141,-27.18391,,72.08044,1
872,22.98141,-27.18391,22.9345,-27.22999,,72.20429,1
873,22.9345,-27.22999,22.88783,-27.27584,,72.32861,1
874,22.88783,-27.27584,22.84139,-27.32146,,72.45335,1
875,22.84139,-27.32146,22.79518,-27.36686,,72.57855,1
876,22.79518,-27.36686,22.74921,-27.41202,,72.70419,1
877,22.74921,-27.41202,22.70346,-27.45696,,72.83028,1
878,22.70346,-27.45696,22.65794,-27.50168,,72.95683,1
879,22.65794,-27.50168,22.61265,-27.54617,,73.08379,1
880,22.61265,-27.54617,22.56759,-27.59044,,73.21122,1
881,22.56759,-27.59044,22.52275,-27.63449,,73.33909,1
882,22.52275,-27.63449,22.47814,-27.67831,,73.46739,1
883,22.47814,-27.67831,22.43375,-27.72192,,73.59615,1
884,22.43375,-27.72192,22.38958,-27.76531,,73.72534,1
885,22.38958,-27.76531,22.34563,-27.80849,,73.85497,1
886,22.34563,-27.80849,22.30191,-27.85144,,73.98505,1
887,22.30191,-27.85144,22.2584,-27.89419,,74.11555,1
888,22.2584,-27.89419,22.21511,-27.93672,,74.24651,1
889,22.21511,-27.93672,22.17203,-27.97903,,74.3779,1
890,22.17203,-27.97903,22.12917,-28.02114,,74.50973,1
891,22.12917,-28.02114,22.08652,-28.06303,,74.642,1
892,22.08652,-28.06303,22.04409,-28.10472,,74.77469,1
893,22.04409,-28.10472,22.00187,-28.14619,,74.90783,1
894,22.00187,-28.14619,21.95986,-28.18746,,75.0414,1
895,21.95986,-28.18746,21.91806,-28.22853,,75.17539,1
896,21.91806,-28.22853,21.87647,-28.26938,,75.30982,1
897,21.87647,-28.26938,21.83509,-28.31004,,75.44468,1
898,21.83509,-28.31004,21.79391,-28.35049,,75.57997,1
899,21.79391,-28.35049,21.75294,-28.39073,,75.71568,1
900,21.75294,-28.39073,21.71218,-28.43078,,75.85182,1
901,21.71218,-28.43078,21.67162,-28.47063,,75.98838,1
902,21.67162,-28.47063,21.63126,-28.51027,,76.12538,1
903,21.63126,-28.51027,21.5911,-28.54972,,76.26279,1
904,21.5911,-28.54972,21.55115,-28.58897,,76.40063,1
905,21.55115,-28.58897,21.51139,-28.62803,,76.53888,1
906,21.51139,-28.62803,21.47184,-28.66689,,76.67756,1
907,21.47184,-28.66689,21.43248,-28.70555,,76.81664,1
908,21.43248,-28.70555,21.39332,-28.74403,,76.95616,1
909,21.39332,-28.74403,21.35435,-28.78231,,77.09608,1
910,21.35435,-28.78231,21.31558,-28.8204,,77.2364,1
911,21.31558,-28.8204,21.277,-28.8583,,77.37716,1
912,21.277,-28.8583,21.23861,-28.896,,77.5183,1
913,21.23861,-28.896,21.20042,-28.93352,,77.65987,1
914,21.20042,-28.93352,21.16242,-28.97086,,77.80183,1
915,21.16242,-28.97086,21.12461,-29.008,,77.94418,1
916,21.12461,-29.008,21.08698,-29.04496,,78.08697,1
917,21.08698,-29.04496,21.04955,-29.08174,,78.23013,1
918,21.04955,-29.08174,21.0123,-29.11833,,78.3737,1
919,21.0123,-29.11833,20.97524,-29.15474,,78.51766,1
920,20.97524,-29.15474,20.93836,-29.19096,,78.66202,1
921,20.93836,-29.19096,20.90167,-29.22701,,78.80677,1
922,20.90167,-29.22701,20.86516,-29.26287,,78.95192,1
923,20.86516,-29.26287,20.82884,-29.29856,,79.09744,1
924,20.82884,-29.29856,20.79269,-29.33407,,79.24336,1
925,20.79269,-29.33407,20.75673,-29.3694,,79.38966,1
926,20.75673,-29.3694,20.72095,-29.40455,,79.53632,1
927,20.72095,-29.40455,20.68534,-29.43953,,79.68338,1
928,20.68534,-29.43953,20.64991,-29.47433,,79.83082,1
929,20.64991,-29.47433,20.61466,-29.50896,,79.97863,1
930,20.61466,-29.50896,20.57959,-29.54342,,80.12682,1
931,20.57959,-29.54342,20.54469,-29.5777,,80.27536,1
932,20.54469,-29.5777,20.50997,-29.61181,,80.42427,1
933,20.50997,-29.61181,20.47542,-29.64575,,80.57355,1
934,20.47542,-29.64575,20.44104,-29.67952,,80.7232,1
935,20.44104,-29.67952,20.40684,-29.71312,,80.87319,1
936,20.40684,-29.71312,20.3728,-29.74656,,81.02355,1
937,20.3728,-29.74656,20.33894,-29.77983,,81.17428,1
938,20.33894,-29.77983,20.30524,-29.81293,,81.32533,1
939,20.30524,-29.81293,20.27172,-29.84586,,81.47675,1
940,20.27172,-29.84586,20.23836,-29.87863,,81.6285,1
941,20.23836,-29.87863,20.20517,-29.91124,,81.78059,1
942,20.20517,-29.91124,20.17214,-29.94368,,81.93304,1
943,20.17214,-29.94368,20.13928,-29.97596,,82.08581,1
944,20.13928,-29.97596,20.10659,-30.00808,,82.23891,1
945,20.10659,-30.00808,20.07405,-30.04004,,82.39236,1
946,20.07405,-30.04004,20.04169,-30.07184,,82.54611,1
947,20.04169,-30.07184,20.00948,-30.10348,,82.70022,1
948,20.00948,-30.10348,19.97743,-30.13497,,82.85463,1
949,19.97743,-30.13497,19.94554,-30.16629,,83.00935,1
950,19.94554,-30.16629,19.91382,-30.19746,,83.1644,1
951,19.91382,-30.19746,19.88225,-30.22847,,83.31976,1
952,19.88225,-30.22847,19.85084,-30.25933,,83.47543,1
953,19.85084,-30.25933,19.81958,-30.29003,,83.63139,1
954,19.81958,-30.29003,19.78848,-30.32058,,83.78767,1
955,19.78848,-30.32058,19.75754,-30.35098,,83.94425,1
956,19.75754,-30.35098,19.72675,-30.38122,,84.1011,1
957,19.72675,-30.38122,19.69412,-30.41132,A,84.2571,1
958,19.69412,-30.41132,19.65965,-30.44126,A,84.41228,1
959,19.65965,-30.44126,19.62335,-30.47106,A,84.56676,1
960,19.62335,-30.47106,19.58523,-30.5007,A,84.7206,1
961,19.58523,-30.5007,19.54531,-30.5302,A,84.87391,1
962,19.54531,-30.5302,19.50358,-30.55955,A,85.02675,1
963,19.50358,-30.55955,19.46006,-30.58875,A,85.17922,1
964,19.46006,-30.58875,19.41476,-30.6178,A,85.33143,1
965,19.41476,-30.6178,19.36769,-30.64672,A,85.48342,1
966,19.36769,-30.64672,19.31885,-30.67548,A,85.63533,1
967,19.31885,-30.67548,19.26826,-30.70411,A,85.78721,1
968,19.26826,-30.70411,19.21592,-30.73259,A,85.93918,1
969,19.21592,-30.73259,19.16184,-30.76092,A,86.09129,1
970,19.16184,-30.76092,19.10603,-30.78912,A,86.24369,1
971,19.10603,-30.78912,19.0485,-30.81717,A,86.39645,1
972,19.0485,-30.81717,18.98926,-30.84509,A,86.54964,1
973,18.98926,-30.84509,18.92831,-30.87286,A,86.70341,1
974,18.92831,-30.87286,18.86567,-30.9005,A,86.85786,1
975,18.86567,-30.9005,18.80134,-30.928,A,87.01307,1
976,18.80134,-30.928,18.73533,-30.95536,A,87.16916,1
977,18.73533,-30.95536,18.66766,-30.98258,A,87.32626,1
978,18.66766,-30.98258,18.59832,-31.00967,A,87.48449,1
979,18.59832,-31.00967,18.52733,-31.03662,A,87.64395,1
980,18.52733,-31.03662,18.45469,-31.06344,A,87.80479,1
981,18.45469,-31.06344,18.38042,-31.09012,A,87.96712,1
982,18.38042,-31.09012,18.30451,-31.11667,A,88.13113,1
983,18.30451,-31.11667,18.22699,-31.14309,A,88.29691,1
984,18.22699,-31.14309,18.14786,-31.16937,A,88.46466,1
985,18.14786,-31.16937,18.06712,-31.19553,A,88.6345,1
986,18.06712,-31.19553,17.98478,-31.22155,A,88.8066,1
987,17.98478,-31.22155,17.90086,-31.24744,A,88.98119,1
988,17.90086,-31.24744,17.81535,-31.2732,A,89.15838,1
989,17.81535,-31.2732,17.72828,-31.29884,A,89.33846,1
990,17.72828,-31.29884,17.63964,-31.32434,A,89.52155,1
991,17.63964,-31.32434,17.54944,-31.34972,A,89.70792,1
992,17.54944,-31.34972,17.45769,-31.37498,A,89.89782,1
993,17.45769,-31.37498,17.3644,-31.4001,A,90.09145,1
994,17.3644,-31.4001,17.26958,-31.4251,A,90.28912,1
995,17.26958,-31.4251,17.17523,-31.44997,,90.49097,1
996,17.17523,-31.44997,17.08136,-31.47472,,90.6971,1
997,17.08136,-31.47472,16.98795,-31.49935,,90.90768,1
998,16.98795,-31.49935,16.89501,-31.52385,,91.12283,1
999,16.89501,-31.52385,16.80253,-31.54823,,91.34269,1
1000,16.80253,-31.54823,16.71052,-31.57249,,91.56741,1
1001,16.71052,-31.57249,16.61897,-31.59663,,91.79711,1
1002,16.61897,-31.59663,16.52787,-31.62065,,92.03201,1
1003,16.52787,-31.62065,16.43723,-31.64455,,92.27222,1
1004,16.43723,-31.64455,16.34705,-31.66832,,92.51794,1
1005,16.34705,-31.66832,16.25731,-31.69198,,92.76935,1
1006,16.25731,-31.69198,16.16803,-31.71552,,93.02663,1
1007,16.16803,-31.71552,16.07919,-31.73895,,93.28996,1
1008,16.07919,-31.73895,15.99079,-31.76225,,93.55955,1
1009,15.99079,-31.76225,15.90284,-31.78544,,93.83563,1
1010,15.90284,-31.78544,15.81532,-31.80851,,94.11841,1
1011,15.81532,-31.80851,15.72825,-31.83147,,94.40809,1
1012,15.72825,-31.83147,15.64161,-31.85431,,94.70493,1
1013,15.64161,-31.85431,15.5554,-31.87704,,95.00919,1
1014,15.5554,-31.87704,15.46962,-31.89966,,95.32113,1
1015,15.46962,-31.89966,15.38427,-31.92216,,95.641,1
1016,15.38427,-31.92216,15.29935,-31.94455,,95.96908,1
1017,15.29935,-31.94455,15.21486,-31.96682,,96.30567,1
1018,15.21486,-31.96682,15.13078,-31.98899,,96.65108,1
1019,15.13078,-31.98899,15.04713,-32.01104,,97.00566,1
1020,15.04713,-32.01104,14.96389,-32.03299,,97.36971,1
1021,14.96389,-32.03299,14.88107,-32.05482,,97.74358,1
1022,14.88107,-32.05482,14.79867,-32.07655,,98.12762,1
1023,14.79867,-32.07655,14.71667,-32.09817,,98.52228,1
1024,14.71667,-32.09817,14.63509,-32.11968,,98.9279,1
1025,14.63509,-32.11968,14.55392,-32.14108,,99.34489,1
1026,14.55392,-32.14108,14.47315,-32.16237,,99.7737,1
1027,14.47315,-32.16237,14.39278,-32.18356,,100.2148,1
1028,14.39278,-32.18356,14.31282,-32.20464,,100.6687,1
1029,14.31282,-32.20464,14.23325,-32.22562,,101.1358,1
1030,14.23325,-32.22562,14.15409,-32.24649,,101.6166,1
1031,14.15409,-32.24649,14.07532,-32.26726,,102.1118,1
1032,14.07532,-32.26726,13.99694,-32.28792,,102.6219,1
1033,13.99694,-32.28792,13.91895,-32.30848,,103.1474,1
1034,13.91895,-32.30848,13.84136,-32.32894,,103.689,1
1035,13.84136,-32.32894,13.76415,-32.3493,,104.2473,1
1036,13.76415,-32.3493,13.68733,-32.36955,,104.823,1
1037,13.68733,-32.36955,13.6109,-32.3897,,105.4167,1
1038,13.6109,-32.3897,13.53484,-32.40975,,106.0293,1
1039,13.53484,-32.40975,13.45917,-32.4297,,106.6614,1
1040,13.45917,-32.4297,13.38387,-32.44955,,107.3139,1
1041,13.38387,-32.44955,13.30895,-32.46931,,107.9875,1
1042,13.30895,-32.46931,13.23441,-32.48896,,108.6831,1
1043,13.23441,-32.48896,13.16024,-32.50851,,109.4015,1
1044,13.16024,-32.50851,13.08643,-32.52797,,110.1437,1
1045,13.08643,-32.52797,13.013,-32.54733,,110.9106,1
1046,13.013,-32.54733,12.93994,-32.5666,,111.7032,1
1047,12.93994,-32.5666,12.86724,-32.58577,,112.5224,1
1048,12.86724,-32.58577,12.7949,-32.60484,,113.3691,1
1049,12.7949,-32.60484,12.72293,-32.62381,,114.2445,1
1050,12.72293,-32.62381,12.65131,-32.64269,,115.1496,1
1051,12.65131,-32.64269,12.58006,-32.66148,,116.0854,1
1052,12.58006,-32.66148,12.50916,-32.68017,,117.0529,1
1053,12.50916,-32.68017,12.43861,-32.69877,,118.0533,1
1054,12.43861,-32.69877,12.36842,-32.71728,,119.0875,1
1055,12.36842,-32.71728,12.29857,-32.73569,,120.1567,1
1056,12.29857,-32.73569,12.22908,-32.75401,,121.2617,1
1057,12.22908,-32.75401,12.15994,-32.77224,,122.4036,1
1058,12.15994,-32.77224,12.09114,-32.79038,,123.5833,1
1059,12.09114,-32.79038,12.02268,-32.80843,,124.8015,1
1060,12.02268,-32.80843,11.95457,-32.82639,,126.0591,1
1061,11.95457,-32.82639,11.8868,-32.84426,,127.3567,1
1062,11.8868,-32.84426,11.81936,-32.86204,,128.6949,1
1063,11.81936,-32.86204,11.75226,-32.87973,,130.0739,1
1064,11.75226,-32.87973,11.6855,-32.89733,,131.494,1
1065,11.6855,-32.89733,11.61908,-32.91484,,132.9553,1
1066,11.61908,-32.91484,11.55298,-32.93227,,134.4576,1
1067,11.55298,-32.93227,11.48722,-32.9496,,136.0004,1
1068,11.48722,-32.9496,11.42178,-32.96686,,137.5831,1
1069,11.42178,-32.96686,11.35667,-32.98402,,139.2046,1
1070,11.35667,-32.98402,11.29189,-33.0011,,140.8638,1
1071,11.29189,-33.0011,11.22743,-33.0181,,142.559,1
1072,11.22743,-33.0181,11.16329,-33.03501,,144.2884,1
1073,11.16329,-33.03501,11.09947,-33.05183,,146.0497,1
1074,11.09947,-33.05183,11.03598,-33.06858,,147.8405,1
1075,11.03598,-33.06858,10.9728,-33.08524,,149.6577,1
1076,10.9728,-33.08524,10.90993,-33.10181,,151.4983,1
1077,10.90993,-33.10181,10.84738,-33.1183,,153.3588,1
1078,10.84738,-33.1183,10.78515,-33.13471,,155.2356,1
1079,10.78515,-33.13471,10.72322,-33.15104,,157.1247,1
1080,10.72322,-33.15104,10.6616,-33.16728,,159.0222,1
1081,10.6616,-33.16728,10.6003,-33.18344,,160.9239,1
1082,10.6003,-33.18344,10.53929,-33.19953,,162.8255,1
1083,10.53929,-33.19953,10.4786,-33.21553,,164.7229,1
1084,10.4786,-33.21553,10.4182,-33.23145,,166.612,1
1085,10.4182,-33.23145,10.35811,-33.2473,,168.4886,0
1086,10.35811,-33.2473,10.29832,-33.26306,,170.3489,0
1087,10.29832,-33.26306,10.23883,-33.27874,,172.1893,0
1088,10.23883,-33.27874,10.17964,-33.29435,,174.0062,0
1089,10.17964,-33.29435,10.12074,-33.30988,,175.7966,0
1090,10.12074,-33.30988,10.06214,-33.32533,,177.5576,0
1091,10.06214,-33.32533,10.00383,-33.3407,,179.2866,0
1092,10.00383,-33.3407,9.945807,-33.356,,180.9814,0
1093,9.945807,-33.356,9.888078,-33.37122,,182.6401,0
1094,9.888078,-33.37122,9.830637,-33.38636,,184.2613,0
1095,9.830637,-33.38636,9.773484,-33.40143,,185.8435,0
1096,9.773484,-33.40143,9.716617,-33.41642,,187.3858,0
1097,9.716617,-33.41642,9.660033,-33.43134,,188.8877,0
1098,9.660033,-33.43134,9.603733,-33.44619,,190.3485,0
1099,9.603733,-33.44619,9.547714,-33.46096,,191.7682,0
1100,9.547714,-33.46096,9.491976,-33.47565,,193.1468,0
1101,9.491976,-33.47565,9.436516,-33.49027,,194.4845,0
1102,9.436516,-33.49027,9.381333,-33.50482,,195.7816,0
1103,9.381333,-33.50482,9.326427,-33.5193,,197.0388,0
1104,9.326427,-33.5193,9.271794,-33.5337,,198.2566,0
1105,9.271794,-33.5337,9.217436,-33.54803,,199.4358,0
1106,9.217436,-33.54803,9.163349,-33.56229,,200.5773,0
1107,9.163349,-33.56229,9.109532,-33.57648,,201.682,0
1108,9.109532,-33.57648,9.055984,-33.5906,,202.7507,0
1109,9.055984,-33.5906,9.002705,-33.60464,,203.7846,0
1110,9.002705,-33.60464,8.949691,-33.61862,,204.7846,0
1111,8.949691,-33.61862,8.896942,-33.63253,,205.7518,0
1112,8.896942,-33.63253,8.844458,-33.64637,,206.6873,0
1113,8.844458,-33.64637,8.792235,-33.66013,,207.592,0
1114,8.792235,-33.66013,8.740274,-33.67383,,208.4671,0
1115,8.740274,-33.67383,8.688573,-33.68746,,209.3136,0
1116,8.688573,-33.68746,8.63713,-33.70102,,210.1325,0
1117,8.63713,-33.70102,8.585944,-33.71452,,210.9247,0
1118,8.585944,-33.71452,8.535014,-33.72795,,211.6913,0
1119,8.535014,-33.72795,8.484339,-33.74131,,212.4333,0
1120,8.484339,-33.74131,8.433917,-33.7546,,213.1515,0
1121,8.433917,-33.7546,8.383747,-33.76783,,213.8469,0
1122,8.383747,-33.76783,8.333828,-33.78099,,214.5202,0
1123,8.333828,-33.78099,8.284159,-33.79408,,215.1725,0
1124,8.284159,-33.79408,8.234738,-33.80711,,215.8044,0
1125,8.234738,-33.80711,8.185565,-33.82008,,216.4167,0
1126,8.185565,-33.82008,8.136637,-33.83298,,217.0103,0
1127,8.136637,-33.83298,8.087954,-33.84582,,217.5857,0
1128,8.087954,-33.84582,8.039514,-33.85859,,218.1439,0
1129,8.039514,-33.85859,7.991316,-33.8713,,218.6853,0
1130,7.991316,-33.8713,7.943359,-33.88394,,219.2106,0
1131,7.943359,-33.88394,7.895643,-33.89652,,219.7205,0
1132,7.895643,-33.89652,7.848165,-33.90903,,220.2155,0
1133,7.848165,-33.90903,7.800924,-33.92149,,220.6963,0
1134,7.800924,-33.92149,7.753919,-33.93388,,221.1632,0
1135,7.753919,-33.93388,7.70715,-33.94621,,221.6169,0
1136,7.70715,-33.94621,7.660614,-33.95848,,222.0579,0
1137,7.660614,-33.95848,7.61431,-33.97069,,222.4866,0
1138,7.61431,-33.97069,7.568239,-33.98283,,222.9035,0
1139,7.568239,-33.98283,7.522398,-33.99492,,223.309,0
1140,7.522398,-33.99492,7.476786,-34.00694,,223.7035,0
1141,7.476786,-34.00694,7.431402,-34.01891,,224.0875,0
1142,7.431402,-34.01891,7.386245,-34.03082,,224.4612,0
1143,7.386245,-34.03082,7.341313,-34.04266,,224.8252,0
1144,7.341313,-34.04266,7.296607,-34.05445,,225.1796,0
1145,7.296607,-34.05445,7.252124,-34.06617,,225.525,0
1146,7.252124,-34.06617,7.207863,-34.07784,,225.8615,0
1147,7.207863,-34.07784,7.163824,-34.08945,,226.1895,0
1148,7.163824,-34.08945,7.120005,-34.10101,,226.5092,0
1149,7.120005,-34.10101,7.076405,-34.1125,,226.8211,0
1150,7.076405,-34.1125,7.033023,-34.12394,,227.1253,0
1151,7.033023,-34.12394,6.989858,-34.13532,,227.422,0
1152,6.989858,-34.13532,6.946908,-34.14664,,227.7117,0
1153,6.946908,-34.14664,6.904174,-34.15791,,227.9943,0
1154,6.904174,-34.15791,6.861653,-34.16912,,228.2703,0
1155,6.861653,-34.16912,6.819345,-34.18027,,228.5399,0
1156,6.819345,-34.18027,6.777248,-34.19137,,228.8031,0
1157,6.777248,-34.19137,6.735362,-34.20242,,229.0603,0
1158,6.735362,-34.20242,6.693685,-34.2134,,229.3117,0
1159,6.693685,-34.2134,6.652216,-34.22433,,229.5574,0
1160,6.652216,-34.22433,6.610955,-34.23521,,229.7975,0
1161,6.610955,-34.23521,6.5699,-34.24604,,230.0324,0
1162,6.5699,-34.24604,6.52905,-34.25681,,230.262,0
1163,6.52905,-34.25681,6.488405,-34.26752,,230.4867,0
1164,6.488405,-34.26752,6.447963,-34.27818,,230.7065,0
1165,6.447963,-34.27818,6.407723,-34.28879,,230.9216,0
1166,6.407723,-34.28879,6.367685,-34.29935,,231.1321,0
1167,6.367685,-34.29935,6.327847,-34.30985,,231.3382,0
1168,6.327847,-34.30985,6.288207,-34.3203,,231.54,0
1169,6.288207,-34.3203,6.248766,-34.3307,,231.7376,0
1170,6.248766,-34.3307,6.209522,-34.34105,,231.9312,0
1171,6.209522,-34.34105,6.170475,-34.35134,,232.1208,0
1172,6.170475,-34.35134,6.131622,-34.36158,,232.3067,0
1173,6.131622,-34.36158,6.092964,-34.37178,,232.4888,0
1174,6.092964,-34.37178,6.054499,-34.38192,,232.6673,0
1175,6.054499,-34.38192,6.016227,-34.39201,,232.8423,0
1176,6.016227,-34.39201,5.978146,-34.40205,,233.0138,0
1177,5.978146,-34.40205,5.940255,-34.41204,,233.182,0
1178,5.940255,-34.41204,5.902554,-34.42198,,233.347,0
1179,5.902554,-34.42198,5.865041,-34.43187,,233.5089,0
1180,5.865041,-34.43187,5.827715,-34.44171,,233.6677,0
1181,5.827715,-34.44171,5.790577,-34.4515,,233.8236,0
1182,5.790577,-34.4515,5.753624,-34.46125,,233.9765,0
1183,5.753624,-34.46125,5.716856,-34.47094,,234.1266,0
1184,5.716856,-34.47094,5.680272,-34.48058,,234.274,0
1185,5.680272,-34.48058,5.64387,-34.49018,,234.4187,0
1186,5.64387,-34.49018,5.607651,-34.49973,,234.5609,0
1187,5.607651,-34.49973,5.571613,-34.50923,,234.7004,0
1188,5.571613,-34.50923,5.535755,-34.51868,,234.8375,0
1189,5.535755,-34.51868,5.500076,-34.52809,,234.9722,0
1190,5.500076,-34.52809,5.464575,-34.53745,,235.1045,0
1191,5.464575,-34.53745,5.429253,-34.54676,,235.2345,0
1192,5.429253,-34.54676,5.394106,-34.55603,,235.3623,0
1193,5.394106,-34.55603,5.359136,-34.56525,,235.4879,0
1194,5.359136,-34.56525,5.32434,-34.57442,,235.6114,0
1195,5.32434,-34.57442,5.289718,-34.58355,,235.7327,0
1196,5.289718,-34.58355,5.25527,-34.59264,,235.8521,0
1197,5.25527,-34.59264,5.220993,-34.60167,,235.9694,0
1198,5.220993,-34.60167,5.186888,-34.61066,,236.0849,0
1199,5.186888,-34.61066,5.152954,-34.61961,,236.1984,0
1200,5.152954,-34.61961,5.119189,-34.62851,,236.3101,0
1201,5.119189,-34.62851,5.085593,-34.63737,,236.42,0
1202,5.085593,-34.63737,5.052165,-34.64618,,236.5281,0
1203,5.052165,-34.64618,5.018904,-34.65495,,236.6345,0
1204,5.018904,-34.65495,4.985809,-34.66368,,236.7392,0
1205,4.985809,-34.66368,4.95288,-34.67236,,236.8423,0
1206,4.95288,-34.67236,4.920116,-34.681,,236.9437,0
1207,4.920116,-34.681,4.887516,-34.68959,,237.0436,0
1208,4.887516,-34.68959,4.855078,-34.69814,,237.1419,0
1209,4.855078,-34.69814,4.822803,-34.70665,,237.2388,0
1210,4.822803,-34.70665,4.790689,-34.71512,,237.3341,0
1211,4.790689,-34.71512,4.758735,-34.72355,,237.428,0
1212,4.758735,-34.72355,4.726942,-34.73193,,237.5205,0
1213,4.726942,-34.73193,4.695307,-34.74026,,237.6116,0
1214,4.695307,-34.74026,4.66383,-34.74856,,237.7014,0
1215,4.66383,-34.74856,4.632511,-34.75682,,237.7899,0
1216,4.632511,-34.75682,4.601348,-34.76504,,237.877,0
1217,4.601348,-34.76504,4.570342,-34.77321,,237.9629,0
1218,4.570342,-34.77321,4.53949,-34.78135,,238.0475,0
1219,4.53949,-34.78135,4.508792,-34.78944,,238.1309,0
1220,4.508792,-34.78944,4.478249,-34.79749,,238.2132,0
1221,4.478249,-34.79749,4.447857,-34.8055,,238.2942,0
1222,4.447857,-34.8055,4.417618,-34.81348,,238.3741,0
1223,4.417618,-34.81348,4.38753,-34.82141,,238.4529,0
1224,4.38753,-34.82141,4.357593,-34.8293,,238.5306,0
1225,4.357593,-34.8293,4.327805,-34.83716,,238.6072,0
1226,4.327805,-34.83716,4.298165,-34.84497,,238.6827,0
1227,4.298165,-34.84497,4.268674,-34.85275,,238.7572,0
1228,4.268674,-34.85275,4.239331,-34.86048,,238.8307,0
1229,4.239331,-34.86048,4.210134,-34.86818,,238.9032,0
1230,4.210134,-34.86818,4.181083,-34.87584,,238.9747,0
1231,4.181083,-34.87584,4.152178,-34.88346,,239.0453,0
1232,4.152178,-34.88346,4.123417,-34.89104,,239.1149,0
1233,4.123417,-34.89104,4.0948,-34.89859,,239.1836,0
1234,4.0948,-34.89859,4.066326,-34.9061,,239.2514,0
1235,4.066326,-34.9061,4.037994,-34.91357,,239.3183,0
1236,4.037994,-34.91357,4.009804,-34.921,,239.3843,0
1237,4.009804,-34.921,3.981755,-34.92839,,239.4494,0
1238,3.981755,-34.92839,3.953846,-34.93575,,239.5138,0
1239,3.953846,-34.93575,3.926077,-34.94307,,239.5772,0
1240,3.926077,-34.94307,3.898447,-34.95036,,239.6399,0
1241,3.898447,-34.95036,3.870955,-34.95761,,239.7018,0
1242,3.870955,-34.95761,3.8436,-34.96482,,239.7629,0
1243,3.8436,-34.96482,3.816382,-34.972,,239.8232,0
1244,3.816382,-34.972,3.7893,-34.97914,,239.8828,0
1245,3.7893,-34.97914,3.762353,-34.98624,,239.9416,0
1246,3.762353,-34.98624,3.735541,-34.99331,,239.9997,0
1247,3.735541,-34.99331,3.708864,-35.00034,,240.0571,0
1248,3.708864,-35.00034,3.682319,-35.00734,,240.1138,0
1249,3.682319,-35.00734,3.655908,-35.01431,,240.1698,0
1250,3.655908,-35.01431,3.629628,-35.02123,,240.2251,0
1251,3.629628,-35.02123,3.60348,-35.02813,,240.2797,0
1252,3.60348,-35.02813,3.577463,-35.03498,,240.3337,0
1253,3.577463,-35.03498,3.551576,-35.04181,,240.3871,0
1254,3.551576,-35.04181,3.525818,-35.0486,,240.4398,0
1255,3.525818,-35.0486,3.500189,-35.05536,,240.4918,0
1256,3.500189,-35.05536,3.474688,-35.06208,,240.5433,0
1257,3.474688,-35.06208,3.449314,-35.06877,,240.5941,0
1258,3.449314,-35.06877,3.424068,-35.07542,,240.6444,0
1259,3.424068,-35.07542,3.398947,-35.08205,,240.6941,0
1260,3.398947,-35.08205,3.373953,-35.08863,,240.7432,0
1261,3.373953,-35.08863,3.349083,-35.09519,,240.7917,0
1262,3.349083,-35.09519,3.324337,-35.10172,,240.8397,0
1263,3.324337,-35.10172,3.299716,-35.10821,,240.8871,0
1264,3.299716,-35.10821,3.275217,-35.11467,,240.934,0
1265,3.275217,-35.11467,3.250841,-35.12109,,240.9803,0
1266,3.250841,-35.12109,3.226587,-35.12749,,241.0262,0
1267,3.226587,-35.12749,3.202454,-35.13385,,241.0715,0
1268,3.202454,-35.13385,3.178441,-35.14018,,241.1163,0
1269,3.178441,-35.14018,3.154549,-35.14648,,241.1606,0
1270,3.154549,-35.14648,3.130776,-35.15275,,241.2044,0
1271,3.130776,-35.15275,3.107122,-35.15899,,241.2478,0
1272,3.107122,-35.15899,3.083587,-35.16519,,241.2906,0
1273,3.083587,-35.16519,3.060169,-35.17137,,241.333,0
1274,3.060169,-35.17137,3.036868,-35.17751,,241.3749,0
1275,3.036868,-35.17751,3.013684,-35.18362,,241.4164,0
1276,3.013684,-35.18362,2.990615,-35.1897,,241.4574,0
1277,2.990615,-35.1897,2.967662,-35.19575,,241.498,0
1278,2.967662,-35.19575,2.946824,-35.20177,D,241.5313,0
1279,2.946824,-35.20177,2.92809,-35.20776,D,241.5575,0
1280,2.92809,-35.20776,2.911449,-35.21373,D,241.5766,0
1281,2.911449,-35.21373,2.896892,-35.21966,D,241.5888,0
1282,2.896892,-35.21966,2.884407,-35.22556,D,241.5941,0
1283,2.884407,-35.22556,2.873985,-35.23143,D,241.5927,0
1284,2.873985,-35.23143,2.865615,-35.23527,WD,241.597,0
1285,2.865615,-35.23527,2.859287,-35.23709,WD,241.6069,0
1286,2.859287,-35.23709,2.854991,-35.23691,WD,241.6225,0
1287,2.854991,-35.23691,2.852716,-35.23472,WD,241.6438,0
1288,2.852716,-35.23472,2.852452,-35.23055,WD,241.6707,1
1289,2.852452,-35.23055,2.85419,-35.2244,WD,241.7032,1
1290,2.85419,-35.2244,2.857919,-35.21627,WD,241.7413,1
1291,2.857919,-35.21627,2.863629,-35.20619,WD,241.7851,1
1292,2.863629,-35.20619,2.871311,-35.19416,WD,241.8347,1
1293,2.871311,-35.19416,2.880955,-35.18019,WD,241.8899,1
1294,2.880955,-35.18019,2.89255,-35.16429,WD,241.951,1
1295,2.89255,-35.16429,2.906087,-35.14647,WD,242.018,1
1296,2.906087,-35.14647,2.921556,-35.12674,WD,242.0909,1
1297,2.921556,-35.12674,2.938949,-35.1051,WD,242.17,1
1298,2.938949,-35.1051,2.958254,-35.08158,WD,242.2551,1
1299,2.958254,-35.08158,2.979463,-35.05617,WD,242.3466,1
1300,2.979463,-35.05617,3.002565,-35.02888,WD,242.4444,1
1301,3.002565,-35.02888,3.027553,-34.99974,WD,242.5489,1
1302,3.027553,-34.99974,3.054415,-34.96874,WD,242.66,1
1303,3.054415,-34.96874,3.083143,-34.9359,WD,242.7781,1
1304,3.083143,-34.9359,3.113727,-34.90122,WD,242.9033,1
1305,3.113727,-34.90122,3.146158,-34.86471,WD,243.0357,1
1306,3.146158,-34.86471,3.180428,-34.82639,WD,243.1758,1
1307,3.180428,-34.82639,3.216525,-34.78626,WD,243.3235,1
1308,3.216525,-34.78626,3.254443,-34.74433,WD,243.4794,1
1309,3.254443,-34.74433,3.29417,-34.70061,WD,243.6436,1
1310,3.29417,-34.70061,3.3357,-34.65511,WD,243.8164,1
1311,3.3357,-34.65511,3.379021,-34.60783,WD,243.9983,1
1312,3.379021,-34.60783,3.424126,-34.55879,WD,244.1895,1
1313,3.424126,-34.55879,3.471005,-34.508,WD,244.3905,1
1314,3.471005,-34.508,3.51965,-34.45546,WD,244.6016,1
1315,3.51965,-34.45546,3.570052,-34.40118,WD,244.8234,1
1316,3.570052,-34.40118,3.622202,-34.34518,WD,245.0563,1
1317,3.622202,-34.34518,3.676091,-34.28745,WD,245.3008,1
1318,3.676091,-34.28745,3.73171,-34.23001,D,245.5424,1
1319,3.73171,-34.23001,3.789052,-34.17286,D,245.7812,1
1320,3.789052,-34.17286,3.848107,-34.116,D,246.0171,1
1321,3.848107,-34.116,3.906866,-34.05942,,246.2573,1
1322,3.906866,-34.05942,3.965332,-34.00312,,246.5019,1
1323,3.965332,-34.00312,4.023505,-33.94711,,246.7509,1
1324,4.023505,-33.94711,4.081388,-33.89137,,247.0045,1
1325,4.081388,-33.89137,4.13898,-33.83591,,247.2628,1
1326,4.13898,-33.83591,4.196285,-33.78073,,247.526,1
1327,4.196285,-33.78073,4.253304,-33.72583,,247.7941,1
1328,4.253304,-33.72583,4.310038,-33.6712,,248.0672,1
1329,4.310038,-33.6712,4.366488,-33.61684,,248.3455,1
1330,4.366488,-33.61684,4.422655,-33.56276,,248.6292,1
1331,4.422655,-33.56276,4.478542,-33.50894,,248.9183,1
1332,4.478542,-33.50894,4.534149,-33.4554,,249.213,1
1333,4.534149,-33.4554,4.589478,-33.40212,,249.5134,1
1334,4.589478,-33.40212,4.644531,-33.34911,,249.8198,1
1335,4.644531,-33.34911,4.699308,-33.29637,,250.1321,1
1336,4.699308,-33.29637,4.753812,-33.24389,,250.4507,1
1337,4.753812,-33.24389,4.808043,-33.19167,,250.7757,1
1338,4.808043,-33.19167,4.862003,-33.13971,,251.1072,1
1339,4.862003,-33.13971,4.915693,-33.08801,,251.4454,1
1340,4.915693,-33.08801,4.969114,-33.03657,,251.7905,1
1341,4.969114,-33.03657,5.022269,-32.98539,,252.1426,1
1342,5.022269,-32.98539,5.075158,-32.93446,,252.502,1
1343,5.075158,-32.93446,5.127782,-32.88379,,252.8688,1
1344,5.127782,-32.88379,5.180143,-32.83337,,253.2433,1
1345,5.180143,-32.83337,5.232242,-32.7832,,253.6256,1
1346,5.232242,-32.7832,5.284081,-32.73329,,254.016,1
1347,5.284081,-32.73329,5.33566,-32.68362,,254.4146,1
1348,5.33566,-32.68362,5.386982,-32.6342,,254.8218,1
1349,5.386982,-32.6342,5.438047,-32.58503,,255.2376,1
1350,5.438047,-32.58503,5.488857,-32.53611,,255.6624,1
1351,5.488857,-32.53611,5.539412,-32.48743,,256.0963,1
1352,5.539412,-32.48743,5.589715,-32.43899,,256.5397,1
1353,5.589715,-32.43899,5.639767,-32.3908,,256.9928,1
1354,5.639767,-32.3908,5.689568,-32.34284,,257.4558,1
1355,5.689568,-32.34284,5.73912,-32.29513,,257.929,1
1356,5.73912,-32.29513,5.788424,-32.24765,,258.4127,1
1357,5.788424,-32.24765,5.837482,-32.20042,,258.907,1
1358,5.837482,-32.20042,5.886295,-32.15342,,259.4124,1
1359,5.886295,-32.15342,5.934864,-32.10665,,259.9292,1
1360,5.934864,-32.10665,5.983189,-32.06012,,260.4575,1
1361,5.983189,-32.06012,6.031273,-32.01382,,260.9977,1
1362,6.031273,-32.01382,6.079117,-31.96775,,261.55,1
1363,6.079117,-31.96775,6.126721,-31.92191,,262.1149,1
1364,6.126721,-31.92191,6.174088,-31.8763,,262.6926,1
1365,6.174088,-31.8763,6.221218,-31.83092,,263.2834,1
1366,6.221218,-31.83092,6.268112,-31.78576,,263.8876,1
1367,6.268112,-31.78576,6.314771,-31.74083,,264.5055,1
1368,6.314771,-31.74083,6.361197,-31.69613,,265.1375,1
1369,6.361197,-31.69613,6.407392,-31.65165,,265.7838,1
1370,6.407392,-31.65165,6.453354,-31.60739,,266.4448,1
1371,6.453354,-31.60739,6.499088,-31.56335,,267.1209,1
1372,6.499088,-31.56335,6.544592,-31.51954,,267.8122,1
1373,6.544592,-31.51954,6.589869,-31.47594,,268.5192,1
1374,6.589869,-31.47594,6.63492,-31.43256,,269.2421,1
1375,6.63492,-31.43256,6.679746,-31.38939,,269.9812,1
1376,6.679746,-31.38939,6.724347,-31.34645,,270.7369,1
1377,6.724347,-31.34645,6.768725,-31.30371,,271.5093,1
1378,6.768725,-31.30371,6.812882,-31.2612,,272.2988,1
1379,6.812882,-31.2612,6.856818,-31.21889,,273.1055,1
1380,6.856818,-31.21889,6.900534,-31.1768,,273.9299,1
1381,6.900534,-31.1768,6.944031,-31.13491,,274.772,1
1382,6.944031,-31.13491,6.987311,-31.09324,,275.632,1
1383,6.987311,-31.09324,7.030375,-31.05177,,276.5101,1
1384,7.030375,-31.05177,7.073223,-31.01051,,277.4066,1
1385,7.073223,-31.01051,7.115857,-30.96946,,278.3214,1
1386,7.115857,-30.96946,7.158278,-30.92861,,279.2546,1
1387,7.158278,-30.92861,7.200486,-30.88797,,280.2064,1
1388,7.200486,-30.88797,7.242484,-30.84753,,281.1766,1
1389,7.242484,-30.84753,7.284271,-30.80729,,282.1652,1
1390,7.284271,-30.80729,7.32585,-30.76726,,283.1723,1
1391,7.32585,-30.76726,7.367221,-30.72742,,284.1976,1
1392,7.367221,-30.72742,7.408385,-30.68778,,285.2409,1
1393,7.408385,-30.68778,7.449343,-30.64834,,286.302,1
1394,7.449343,-30.64834,7.490096,-30.6091,,287.3806,1
1395,7.490096,-30.6091,7.530646,-30.57006,,288.4764,1
1396,7.530646,-30.57006,7.570992,-30.53121,,289.5889,1
1397,7.570992,-30.53121,7.611137,-30.49255,,290.7175,1
1398,7.611137,-30.49255,7.651082,-30.45409,,291.8619,1
1399,7.651082,-30.45409,7.690826,-30.41582,,293.0214,1
1400,7.690826,-30.41582,7.730372,-30.37774,,294.1952,1
1401,7.730372,-30.37774,7.76972,-30.33985,,295.3826,1
1402,7.76972,-30.33985,7.808871,-30.30215,,296.5829,1
1403,7.808871,-30.30215,7.847827,-30.26464,,297.795,1
1404,7.847827,-30.26464,7.886588,-30.22732,,299.0182,1
1405,7.886588,-30.22732,7.925155,-30.19018,,300.2514,1
1406,7.925155,-30.19018,7.963529,-30.15323,,301.4936,1
1407,7.963529,-30.15323,8.001712,-30.11646,,302.7436,1
1408,8.001712,-30.11646,8.039703,-30.08188,S,303.9597,1
1409,8.039703,-30.08188,8.077505,-30.04947,S,305.1421,1
1410,8.077505,-30.04947,8.115118,-30.01922,S,306.2911,1
1411,8.115118,-30.01922,8.152542,-29.99113,S,307.4071,1
1412,8.152542,-29.99113,8.189779,-29.96517,S,308.4906,1
1413,8.189779,-29.96517,8.22683,-29.94135,S,309.5421,1
1414,8.22683,-29.94135,8.263697,-29.91964,S,310.5623,1
1415,8.263697,-29.91964,8.300378,-29.90004,S,311.5516,1
1416,8.300378,-29.90004,8.336876,-29.88254,S,312.5108,1
1417,8.336876,-29.88254,8.373192,-29.86713,S,313.4407,1
1418,8.373192,-29.86713,8.409326,-29.85379,S,314.3418,1
1419,8.409326,-29.85379,8.445279,-29.84252,S,315.215,1
1420,8.445279,-29.84252,8.481052,-29.83331,S,316.0608,1
1421,8.481052,-29.83331,8.516647,-29.82615,S,316.8802,1
1422,8.516647,-29.82615,8.552064,-29.82101,S,317.6737,1
1423,8.552064,-29.82101,8.587304,-29.81791,S,318.4421,1
1424,8.587304,-29.81791,8.622368,-29.81682,S,319.186,1
1425,8.622368,-29.81682,8.657256,-29.81774,S,319.9063,1
1426,8.657256,-29.81774,8.69197,-29.82065,S,320.6033,1
1427,8.69197,-29.82065,8.72651,-29.82554,S,321.278,1
1428,8.72651,-29.82554,8.760878,-29.83241,S,321.9307,1
1429,8.760878,-29.83241,8.795074,-29.84125,S,322.5621,1
1430,8.795074,-29.84125,8.829098,-29.85205,S,323.1727,1
1431,8.829098,-29.85205,8.862952,-29.86479,S,323.7631,1
1432,8.862952,-29.86479,8.896638,-29.87946,S,324.3337,1
1433,8.896638,-29.87946,8.930155,-29.89607,S,324.8848,1
1434,8.930155,-29.89607,8.963504,-29.91459,S,325.417,1
1435,8.963504,-29.91459,8.996686,-29.93501,S,325.9305,1
1436,8.996686,-29.93501,9.029702,-29.95734,S,326.4257,1
1437,9.029702,-29.95734,9.062553,-29.98155,S,326.9027,1
1438,9.062553,-29.98155,9.095241,-30.00765,S,327.3618,1
1439,9.095241,-30.00765,9.127765,-30.03561,S,327.8029,1
1440,9.127765,-30.03561,9.160126,-30.06543,S,328.2261,1
1441,9.160126,-30.06543,9.192326,-30.0971,S,328.6314,1
1442,9.192326,-30.0971,9.224364,-30.13062,S,329.0185,1
1443,9.224364,-30.13062,9.256243,-30.16596,S,329.387,1
1444,9.256243,-30.16596,9.287962,-30.20113,,329.7785,1
1445,9.287962,-30.20113,9.319522,-30.23613,,330.1952,1
1446,9.319522,-30.23613,9.350924,-30.27095,,330.6395,1
1447,9.350924,-30.27095,9.38217,-30.30559,,331.1142,1
1448,9.38217,-30.30559,9.413259,-30.34006,,331.6225,1
1449,9.413259,-30.34006,9.444192,-30.37436,,332.1679,1
1450,9.444192,-30.37436,9.474971,-30.40849,,332.7546,1
1451,9.474971,-30.40849,9.505596,-30.44245,,333.3872,1
1452,9.505596,-30.44245,9.536068,-30.47624,,334.0713,1
1453,9.536068,-30.47624,9.566387,-30.50986,,334.813,1
1454,9.566387,-30.50986,9.596556,-30.54331,,335.6199,1
1455,9.596556,-30.54331,9.626573,-30.57659,,336.5004,1
1456,9.626573,-30.57659,9.65644,-30.60971,,337.4645,1
1457,9.65644,-30.60971,9.686157,-30.64266,,338.5243,1
1458,9.686157,-30.64266,9.715727,-30.67545,,339.6937,1

